"Group","Type","CurrentGameVersion","ID","Loader","CurrentVersion","Name","Description","Category","Jar","NextVersion","NextVersionUrl","NextGameVersion","LatestVersion","LatestVersionUrl","LatestGameVersion","Url","CurrentVersionUrl","UrlDirect","CurrentDependencies","CurrentDependenciesRequired","CurrentDependenciesOptional","LatestDependencies","LatestDependenciesRequired","LatestDependenciesOptional","Host","ApiSource","ClientSide","ServerSide","Title","ProjectDescription","IconUrl","IssuesUrl","SourceUrl","WikiUrl","AvailableGameVersions","RecordHash"
"required","mod","1.21.8","fabric-api","fabric","0.136.0+1.21.8","Fabric API","Lightweight and modular API providing common hooks and intercompatibility measures","Core & Utility","fabric-api-0.136.0+1.21.8.jar","0.134.0+1.21.9","https://cdn.modrinth.com/data/P7dR8mSH/versions/iHrvVvaM/fabric-api-0.134.0%2B1.21.9.jar","1.21.9","0.136.2+1.21.11","https://cdn.modrinth.com/data/P7dR8mSH/versions/ifvKw7qT/fabric-api-0.136.2%2B1.21.11.jar","25w44a","https://modrinth.com/mod/fabric-api","https://cdn.modrinth.com/data/P7dR8mSH/versions/RMahJx2I/fabric-api-0.136.0%2B1.21.8.jar","","","","","","","","modrinth","modrinth","","","","","","","","","1.14,1.14-pre1,1.14-pre3,1.14.1,1.14.1-pre2,1.14.2,1.14.2-pre2,1.14.2-pre4,1.14.3,1.14.4,1.14.4-pre5,1.15,1.15-pre1,1.15-pre2,1.15-pre3,1.15-pre4,1.15-pre5,1.15-pre6,1.15-pre7,1.15.1,1.15.2,1.15.2-pre1,1.15.2-pre2,1.16,1.16-pre1,1.16-pre2,1.16-pre3,1.16-pre4,1.16-pre5,1.16-pre6,1.16-pre7,1.16-pre8,1.16-rc1,1.16.1,1.16.2,1.16.2-pre1,1.16.2-pre2,1.16.2-pre3,1.16.2-rc1,1.16.3,1.16.4,1.16.5,1.17,1.17-pre1,1.17-rc1,1.17.1,1.17.1-rc2,1.18,1.18-pre1,1.18-pre2,1.18-pre3,1.18-pre4,1.18-pre5,1.18-pre6,1.18-pre7,1.18-rc1,1.18-rc2,1.18-rc3,1.18-rc4,1.18.1,1.18.2,1.18.2-pre1,1.18.2-pre2,1.18.2-pre3,1.18.2-rc1,1.19,1.19-pre1,1.19-pre2,1.19-pre4,1.19-rc1,1.19.1,1.19.1-pre2,1.19.1-pre4,1.19.1-pre6,1.19.1-rc2,1.19.1-rc3,1.19.2,1.19.3,1.19.3-pre1,1.19.3-pre2,1.19.3-pre3,1.19.4,1.19.4-pre1,1.19.4-pre2,1.19.4-pre3,1.20,1.20-pre1,1.20-pre2,1.20-pre3,1.20-pre5,1.20-pre6,1.20-pre7,1.20.1,1.20.2,1.20.2-pre1,1.20.2-pre2,1.20.2-pre4,1.20.2-rc1,1.20.3,1.20.3-pre1,1.20.3-pre2,1.20.4,1.20.5,1.20.5-pre1,1.20.5-pre2,1.20.5-pre3,1.20.5-pre4,1.20.5-rc2,1.20.6,1.20.6-rc1,1.21,1.21-pre1,1.21-pre3,1.21-pre4,1.21.1,1.21.1-rc1,1.21.10,1.21.2,1.21.2-pre1,1.21.2-pre3,1.21.2-pre4,1.21.3,1.21.4,1.21.4-pre1,1.21.4-pre2,1.21.4-pre3,1.21.4-rc3,1.21.5,1.21.5-pre1,1.21.5-pre2,1.21.5-pre3,1.21.5-rc1,1.21.5-rc2,1.21.6,1.21.6-pre1,1.21.6-pre3,1.21.7,1.21.7-rc1,1.21.8,1.21.9,1.21.9-pre1,1.21.9-pre2,1.21.9-pre3,1.21.9-rc1,18w49a,18w50a,19w02a,19w03a,19w03c,19w04a,19w04b,19w05a,19w06a,19w07a,19w08a,19w08b,19w11a,19w11b,19w12a,19w12b,19w13a,19w13b,19w14a,19w14b,19w34a,19w35a,19w36a,19w37a,19w38b,19w39a,19w40a,19w41a,19w42a,19w44a,19w45a,19w45b,19w46a,19w46b,20w06a,20w07a,20w08a,20w09a,20w10a,20w11a,20w12a,20w13a,20w13b,20w14a,20w14infinite,20w15a,20w16a,20w17a,20w18a,20w19a,20w20a,20w20b,20w21a,20w22a,20w27a,20w28a,20w29a,20w30a,20w45a,20w46a,20w48a,20w49a,20w51a,21w03a,21w05a,21w05b,21w06a,21w07a,21w08a,21w10a,21w11a,21w13a,21w14a,21w15a,21w16a,21w17a,21w18a,21w19a,21w20a,21w37a,21w38a,21w39a,21w40a,21w41a,21w42a,21w43a,21w44a,22w03a,22w06a,22w07a,22w11a,22w12a,22w13a,22w13oneblockatatime,22w14a,22w15a,22w16b,22w17a,22w18a,22w19a,22w42a,22w43a,22w44a,22w45a,22w46a,23w03a,23w04a,23w05a,23w06a,23w07a,23w12a,23w13a,23w13a_or_b,23w14a,23w16a,23w17a,23w18a,23w31a,23w32a,23w33a,23w35a,23w40a,23w41a,23w42a,23w43a,23w43b,23w44a,23w45a,23w46a,23w51b,24w03b,24w04a,24w05a,24w06a,24w07a,24w09a,24w10a,24w11a,24w12a,24w13a,24w14a,24w14potato,24w18a,24w19b,24w20a,24w21b,24w33a,24w34a,24w35a,24w36a,24w37a,24w38a,24w39a,24w40a,24w44a,24w45a,24w46a,25w02a,25w03a,25w04a,25w05a,25w06a,25w07a,25w08a,25w09a,25w09b,25w10a,25w14craftmine,25w15a,25w16a,25w17a,25w18a,25w19a,25w20a,25w21a,25w31a,25w32a,25w33a,25w34b,25w35a,25w36b,25w37a,25w41a","9db62189e23439d059d3ae98113a9e0b068514015b172d699ca8bd61e6c07419"
"required","mod","1.21.8","cloth-config","fabric","19.0.147+fabric","Cloth Config","Configuration library used by many mods","Core & Utility","cloth-config-19.0.147-fabric.jar","20.0.149+fabric","https://cdn.modrinth.com/data/9s6osm5g/versions/qMxkrrmq/cloth-config-20.0.149-fabric.jar","1.21.9","20.0.149+fabric","https://cdn.modrinth.com/data/9s6osm5g/versions/qMxkrrmq/cloth-config-20.0.149-fabric.jar","1.21.9","https://modrinth.com/mod/cloth-config","https://cdn.modrinth.com/data/9s6osm5g/versions/cz0b1j8R/cloth-config-19.0.147-fabric.jar","","","","","","","","modrinth","modrinth","","","","","","","","","1.14,1.14.1,1.14.2,1.14.3,1.14.4,1.15,1.15.1,1.15.2,1.16,1.16.1,1.16.2,1.16.3,1.16.4,1.16.5,1.17,1.17.1,1.18,1.18.1,1.18.2,1.19,1.19.1,1.19.2,1.19.3,1.19.3-pre2,1.19.4,1.19.4-pre1,1.20,1.20-pre6,1.20.1,1.20.2,1.20.3,1.20.4,1.20.5,1.20.6,1.21,1.21.1,1.21.2,1.21.3,1.21.4,1.21.5,1.21.6,1.21.7,1.21.8,1.21.9,22w43a,23w13a_or_b,23w31a,24w09a,24w14a,24w14potato,24w36a","85a237f4955a7368f48fcc07ea54a85f5df34c301ecf01af29c3c509fb24dfc1"
"required","mod","1.21.8","forge-config-api-port","fabric","v21.8.1-1.21.8-Fabric","Forge Config API Port","Compatibility layer for config mods","Core & Utility","ForgeConfigAPIPort-v21.8.1-1.21.8-Fabric.jar","21.9.8","https://cdn.modrinth.com/data/ohNO6lps/versions/3Zr2vML8/ForgeConfigAPIPort-v21.9.8%2Bmc1.21.9-Fabric.jar","1.21.9","21.10.0","https://cdn.modrinth.com/data/ohNO6lps/versions/6T4w46C9/ForgeConfigAPIPort-v21.10.0%2Bmc1.21.10-Fabric.jar","1.21.10","https://modrinth.com/mod/forge-config-api-port","https://cdn.modrinth.com/data/ohNO6lps/versions/daREdLQt/ForgeConfigAPIPort-v21.8.1-1.21.8-Fabric.jar","","required: P7dR8mSH","","","required: P7dR8mSH; optional: 5WeWGLoJ","","","modrinth","modrinth","","","","","","","","","1.16,1.16.1,1.16.2,1.16.3,1.16.4,1.16.5,1.17,1.17.1,1.18,1.18.1,1.18.2,1.19,1.19.1,1.19.2,1.19.3,1.19.4,1.20,1.20.1,1.20.2,1.20.4,1.20.6,1.21,1.21.1,1.21.10,1.21.3,1.21.4,1.21.5,1.21.6,1.21.7,1.21.8,1.21.9","64aed3e39d0fd7b1946d53dc27ad90811bf2019c0fc41c82fada6083843c62ca"
"required","mod","1.21.8","craterlib","fabric","1.21.6-2.1.5","CraterLib","Library mod required by some UI mods","Core & Utility","CraterLib-Fabric-1.21.6-2.1.5.jar","1.21.9-2.1.5","https://cdn.modrinth.com/data/Nn8Wasaq/versions/8vFjssBM/CraterLib-Fabric-1.21.9-2.1.5.jar","1.21.9","1.21.9-2.1.5","https://cdn.modrinth.com/data/Nn8Wasaq/versions/8vFjssBM/CraterLib-Fabric-1.21.9-2.1.5.jar","1.21.9","https://modrinth.com/mod/craterlib","https://cdn.modrinth.com/data/Nn8Wasaq/versions/o3hiSSue/CraterLib-Fabric-1.21.6-2.1.5.jar","","required: P7dR8mSH; optional: 9s6osm5g,mOgUt4GM","","","required: P7dR8mSH,P7dR8mSH,P7dR8mSH,P7dR8mSH,P7dR8mSH,P7dR8mSH,P7dR8mSH,P7dR8mSH,P7dR8mSH,P7dR8mSH; optional: 9s6osm5g,mOgUt4GM,mOgUt4GM,9s6osm5g,mOgUt4GM,9s6osm5g,mOgUt4GM,9s6osm5g,9s6osm5g,mOgUt4GM,mOgUt4GM,9s6osm5g,mOgUt4GM,9s6osm5g,mOgUt4GM,9s6osm5g,9s6osm5g,mOgUt4GM,mOgUt4GM,9s6osm5g","","","modrinth","modrinth","","","","","","","","","1.18.2,1.19.2,1.19.3,1.19.4,1.20,1.20.1,1.20.2,1.20.4,1.21,1.21.1,1.21.10,1.21.2,1.21.3,1.21.4,1.21.5,1.21.6,1.21.7,1.21.8,1.21.9","574b3b4525f09f60cd633d52bd82d9a5243ba2cc59f6753f4b6e5169688c3f40"
"required","mod","1.21.8","balm","fabric","21.8.10+fabric-1.21.8","Balm","Shared codebase for performance and utility mods","Core & Utility","balm-fabric-1.21.8-21.8.10.jar","21.9.4+fabric-1.21.9","https://cdn.modrinth.com/data/MBAkmtvl/versions/7TxO9j9o/balm-fabric-1.21.9-21.9.4.jar","1.21.9","21.10.6+fabric-1.21.10","https://cdn.modrinth.com/data/MBAkmtvl/versions/FrHkeMAL/balm-fabric-1.21.10-21.10.6.jar","1.21.10","https://modrinth.com/mod/balm","https://cdn.modrinth.com/data/MBAkmtvl/versions/6STx1UB9/balm-fabric-1.21.8-21.8.10.jar","","required: P7dR8mSH","","","required: P7dR8mSH","","","modrinth","modrinth","","","","","","","","","1.18,1.18.1,1.18.2,1.19,1.19.1,1.19.2,1.19.3,1.19.4,1.20,1.20.1,1.20.2,1.20.4,1.20.6,1.21,1.21.1,1.21.10,1.21.2,1.21.3,1.21.4,1.21.5,1.21.6,1.21.7,1.21.8,1.21.9","29f24ed7e1bf900d1bd8ffda3231d8c6af607294e7f13ebab6d10b56e0446d06"
"required","mod","1.21.8","fabric-language-kotlin","fabric","1.13.7+kotlin.2.2.21","Fabric Language Kotlin","Enables Kotlin-based mods","Core & Utility","fabric-language-kotlin-1.13.7+kotlin.2.2.21.jar","1.13.7+kotlin.2.2.21","https://cdn.modrinth.com/data/Ha28R6CL/versions/LcgnDDmT/fabric-language-kotlin-1.13.7%2Bkotlin.2.2.21.jar","1.21.9","1.13.7+kotlin.2.2.21","https://cdn.modrinth.com/data/Ha28R6CL/versions/LcgnDDmT/fabric-language-kotlin-1.13.7%2Bkotlin.2.2.21.jar","1.14","https://modrinth.com/mod/fabric-language-kotlin","https://cdn.modrinth.com/data/Ha28R6CL/versions/LcgnDDmT/fabric-language-kotlin-1.13.7%2Bkotlin.2.2.21.jar","","","","","","","","modrinth","modrinth","","","","","","","","","1.14,1.14-pre1,1.14-pre2,1.14-pre3,1.14-pre4,1.14-pre5,1.14.1,1.14.1-pre1,1.14.1-pre2,1.14.2,1.14.2-pre1,1.14.2-pre2,1.14.2-pre3,1.14.2-pre4,1.14.3,1.14.3-pre1,1.14.3-pre2,1.14.3-pre3,1.14.3-pre4,1.14.4,1.14.4-pre1,1.14.4-pre2,1.14.4-pre3,1.14.4-pre4,1.14.4-pre5,1.14.4-pre6,1.14.4-pre7,1.15,1.15-pre1,1.15-pre2,1.15-pre3,1.15-pre4,1.15-pre5,1.15-pre6,1.15-pre7,1.15.1,1.15.1-pre1,1.15.2,1.15.2-pre1,1.15.2-pre2,1.16,1.16-pre1,1.16-pre2,1.16-pre3,1.16-pre4,1.16-pre5,1.16-pre6,1.16-pre7,1.16-pre8,1.16-rc1,1.16.1,1.16.2,1.16.2-pre1,1.16.2-pre2,1.16.2-pre3,1.16.2-rc1,1.16.2-rc2,1.16.3,1.16.3-rc1,1.16.4,1.16.4-pre1,1.16.4-pre2,1.16.4-rc1,1.16.5,1.16.5-rc1,1.17,1.17-pre1,1.17-pre2,1.17-pre3,1.17-pre4,1.17-pre5,1.17-rc1,1.17-rc2,1.17.1,1.17.1-pre1,1.17.1-pre2,1.17.1-pre3,1.17.1-rc1,1.17.1-rc2,1.18,1.18-pre1,1.18-pre2,1.18-pre3,1.18-pre4,1.18-pre5,1.18-pre6,1.18-pre7,1.18-pre8,1.18-rc1,1.18-rc2,1.18-rc3,1.18-rc4,1.18.1,1.18.1-pre1,1.18.1-rc1,1.18.1-rc2,1.18.1-rc3,1.18.2,1.18.2-pre1,1.18.2-pre2,1.18.2-pre3,1.18.2-rc1,1.19,1.19.1,1.19.2,1.19.3,1.19.4,1.20,1.20.1,1.20.2,1.20.3,1.20.4,1.20.5,1.20.6,1.21,1.21.1,1.21.10,1.21.2,1.21.3,1.21.4,1.21.5,1.21.6,1.21.7,1.21.8,1.21.9,18w44a,18w45a,18w46a,18w47a,18w47b,18w48a,18w48b,18w49a,18w50a,19w02a,19w03a,19w03b,19w03c,19w04a,19w04b,19w05a,19w06a,19w07a,19w08a,19w08b,19w09a,19w11a,19w11b,19w12a,19w12b,19w13a,19w13b,19w14a,19w14b,19w34a,19w35a,19w36a,19w37a,19w38a,19w38b,19w39a,19w40a,19w41a,19w42a,19w44a,19w45a,19w45b,19w46a,19w46b,20w06a,20w07a,20w08a,20w09a,20w10a,20w11a,20w12a,20w13a,20w13b,20w14a,20w14infinite,20w15a,20w16a,20w17a,20w18a,20w19a,20w20a,20w20b,20w21a,20w22a,20w27a,20w28a,20w29a,20w30a,20w45a,20w46a,20w48a,20w49a,20w51a,21w03a,21w05a,21w05b,21w06a,21w07a,21w08a,21w08b,21w10a,21w11a,21w13a,21w14a,21w15a,21w16a,21w17a,21w18a,21w19a,21w20a,21w37a,21w38a,21w39a,21w40a,21w41a,21w42a,21w43a,21w44a,22w03a,22w05a,22w06a,22w07a,22w11a,22w12a,22w13a,22w13oneblockatatime,3D-Shareware-v1.34","31f3435f7cccdef002a30ef5ec78bf9eb8eba7ff6816a8b35479ca8a5955df8d"
"required","mod","1.21.8","collective","fabric","1.21.8-8.11-fabric+forge+neo","Collective","Shared code library for various mods","Core & Utility","collective-1.21.8-8.11.jar","1.21.9-8.9-fabric+forge+neo","https://cdn.modrinth.com/data/e0M1UDsY/versions/eJb8QANu/collective-1.21.9-8.9.jar","1.21.9","1.21.10-8.13-fabric+forge+neo","https://cdn.modrinth.com/data/e0M1UDsY/versions/A0CFMmGr/collective-1.21.10-8.13.jar","1.21.10","https://modrinth.com/mod/collective","https://cdn.modrinth.com/data/e0M1UDsY/versions/8tJ3qV5y/collective-1.21.8-8.11.jar","","","","","","","","modrinth","modrinth","","","","","","","","","1.16.5,1.18.2,1.19.2,1.19.3,1.19.4,1.20,1.20.1,1.20.2,1.20.3,1.20.4,1.20.5,1.20.6,1.21,1.21.1,1.21.10,1.21.2,1.21.3,1.21.4,1.21.5,1.21.6,1.21.7,1.21.8,1.21.9","d383f59fadafb32f942bebc0fc761402f4fb5539e10ab7acfbb8ee9a9e1b3e2d"
"required","mod","1.21.8","architectury-api","fabric","17.0.8+fabric","Architectury API","Intermediary API for multiplatform mods","Core & Utility","architectury-17.0.8-fabric.jar","18.0.5+fabric","https://cdn.modrinth.com/data/lhGA9TYQ/versions/qkIZZKUH/architectury-18.0.5-fabric.jar","1.21.9","18.0.6+fabric","https://cdn.modrinth.com/data/lhGA9TYQ/versions/8Ing3Dbx/architectury-18.0.6-fabric.jar","1.21.10","https://modrinth.com/mod/architectury-api","https://cdn.modrinth.com/data/lhGA9TYQ/versions/XcJm5LH4/architectury-17.0.8-fabric.jar","","required: P7dR8mSH","","","required: P7dR8mSH","","","modrinth","modrinth","","","","","","","","","1.16.5,1.17.1,1.18,1.18.1,1.18.2,1.19,1.19-pre1,1.19.1,1.19.2,1.19.3,1.19.3-pre2,1.19.4,1.19.4-pre3,1.20,1.20-pre1,1.20-pre5,1.20.1,1.20.2,1.20.2-pre1,1.20.2-pre2,1.20.2-pre4,1.20.3-pre1,1.20.4,1.20.5,1.20.5-pre1,1.20.6,1.21,1.21.1,1.21.2,1.21.3,1.21.4,1.21.5,1.21.5-pre2,1.21.5-rc1,1.21.6,1.21.7,1.21.8,1.21.9,22w42a,22w43a,22w44a,23w03a,23w13a,23w13a_or_b,23w18a,23w31a,23w32a,23w33a,23w35a,23w40a,23w41a,24w09a,24w12a,24w14a,24w14potato,24w40a","35b33f7281ba60311faa4cdfa6657eb84557d745eaa73e35e1bad7a100fe1ee5"
"required","mod","1.21.8","jamlib","fabric","1.3.5+1.21.8","JamLib","Platform-agnostic library for JamCore mods","Core & Utility","jamlib-fabric-1.3.5+1.21.8.jar","1.3.5+1.21.10","https://cdn.modrinth.com/data/IYY9Siz8/versions/C0PstXFz/jamlib-fabric-1.3.5%2B1.21.10.jar","1.21.9","1.3.5+1.21.10","https://cdn.modrinth.com/data/IYY9Siz8/versions/C0PstXFz/jamlib-fabric-1.3.5%2B1.21.10.jar","1.21.9","https://modrinth.com/mod/jamlib","https://cdn.modrinth.com/data/IYY9Siz8/versions/4kGByLs3/jamlib-fabric-1.3.5%2B1.21.8.jar","","required: lhGA9TYQ,P7dR8mSH","","","required: lhGA9TYQ,P7dR8mSH,lhGA9TYQ","","","modrinth","modrinth","","","","","","","","","1.18,1.18.1,1.18.2,1.19,1.19.1,1.19.2,1.19.3,1.19.4,1.20,1.20-rc1,1.20.1,1.20.2,1.20.4,1.20.6,1.21,1.21.1,1.21.2,1.21.3,1.21.4,1.21.5,1.21.6,1.21.7,1.21.8,1.21.9,23w03a","8d5b94f115aadffb3efb4bb58c3037555b5d66262600f6560df8e60b9f02b3a1"
"required","mod","1.21.8","libipn","fabric","fabric-1.21.6-6.6.0","libIPN","Inventory Profiles Next GUI Library","Core & Utility","libIPN-fabric-1.21.6-6.6.0.jar","fabric-1.21.9-6.6.0","https://cdn.modrinth.com/data/onSQdWhM/versions/ATLsm4F4/libIPN-fabric-1.21.9-6.6.0.jar","1.21.9","fabric-1.21.6-6.6.0","https://cdn.modrinth.com/data/onSQdWhM/versions/V5FdwBb3/libIPN-fabric-1.21.6-6.6.0.jar","1.21.6","https://modrinth.com/mod/libipn","https://cdn.modrinth.com/data/onSQdWhM/versions/V5FdwBb3/libIPN-fabric-1.21.6-6.6.0.jar","","required: Ha28R6CL,P7dR8mSH","","","required: Ha28R6CL,P7dR8mSH,Ha28R6CL,P7dR8mSH,P7dR8mSH,Ha28R6CL,P7dR8mSH,Ha28R6CL","","","modrinth","modrinth","","","","","","","","","1.14.1,1.14.2,1.14.3,1.14.4,1.15,1.15.1,1.15.2,1.16,1.16.1,1.16.2,1.16.3,1.16.4,1.16.5,1.17,1.17.1,1.18,1.18.1,1.18.2,1.19,1.19.1,1.19.2,1.19.3,1.19.3-pre3,1.19.3-rc1,1.19.3-rc2,1.19.3-rc3,1.19.4,1.20,1.20-pre1,1.20-pre2,1.20.1,1.20.2,1.20.3,1.20.3-pre2,1.20.4,1.20.6,1.21,1.21.1,1.21.10,1.21.3,1.21.4,1.21.4-pre1,1.21.5,1.21.6,1.21.7,1.21.8,1.21.9,23w06a,24w44a,24w45a,24w46a,25w04a,25w05a,25w06a","5bce4e8d629b878c0f780f214d26fa75283736d69c20a1de0fa3d75f8e32fe5f"
"required","mod","1.21.8","ukulib","fabric","1.8.2+1.21.6","ukulib","Utility library used in several mods","Core & Utility","ukulib-1.8.2+1.21.6.jar","1.9.0+1.21.9","https://cdn.modrinth.com/data/Y8uFrUil/versions/EsXqtkdN/ukulib-1.9.0%2B1.21.9.jar","1.21.9","1.9.0+1.21.9","https://cdn.modrinth.com/data/Y8uFrUil/versions/EsXqtkdN/ukulib-1.9.0%2B1.21.9.jar","1.21.9","https://modrinth.com/mod/ukulib","https://cdn.modrinth.com/data/Y8uFrUil/versions/AdBiSP4T/ukulib-1.8.2%2B1.21.6.jar","","","","","","","","modrinth","modrinth","","","","","","","","","1.14.4,1.15.2,1.16.5,1.17.1,1.18.2,1.19,1.19.2,1.19.3,1.19.4,1.20,1.20-pre1,1.20-rc1,1.20.1,1.20.1-rc1,1.20.2,1.20.2-rc2,1.20.3,1.20.4,1.20.5,1.20.6,1.21,1.21.1,1.21.10,1.21.2,1.21.3,1.21.4,1.21.5,1.21.6,1.21.7,1.21.8,1.21.9,23w17a,b1.7.3","40a4755aafe883d4ba68a5a862ee2b3de88042297a291126e0c77dadd99133f8"
"required","mod","1.21.8","placeholder-api","fabric","2.7.2+1.21.8","Placeholder API","Enables user-friendly placeholders","Core & Utility","placeholder-api-2.7.2+1.21.8.jar","2.8.1+1.21.10","https://cdn.modrinth.com/data/eXts2L7r/versions/T5pDJV1K/placeholder-api-2.8.1%2B1.21.10.jar","1.21.9","2.8.1+1.21.10","https://cdn.modrinth.com/data/eXts2L7r/versions/T5pDJV1K/placeholder-api-2.8.1%2B1.21.10.jar","1.21.9","https://modrinth.com/mod/placeholder-api","https://cdn.modrinth.com/data/eXts2L7r/versions/1S1kjZ9W/placeholder-api-2.7.2%2B1.21.8.jar","","","","","","","","modrinth","modrinth","","","","","","","","","1.17,1.17.1,1.18,1.18.1,1.18.2,1.19,1.19.1,1.19.2,1.19.3,1.19.4,1.20,1.20.1,1.20.2,1.20.2-rc2,1.20.3,1.20.3-rc1,1.20.4,1.20.5,1.20.5-rc1,1.20.6,1.21,1.21-pre2,1.21.1,1.21.10,1.21.2,1.21.2-rc1,1.21.3,1.21.4,1.21.5,1.21.5-rc1,1.21.6,1.21.6-pre2,1.21.7,1.21.8,1.21.9,1.21.9-pre1,1.21.9-pre2,1.21.9-pre3,1.21.9-rc1,25w14craftmine","d9ec7f42a69438e7d6469509f470a5d9003309577a6b3ef333ff8ef6de7d376e"
"required","mod","1.21.8","modmenu","fabric","15.0.0","Mod Menu","Adds a mod menu to view installed mods","Core & Utility","modmenu-15.0.0.jar","16.0.0-rc.1","https://cdn.modrinth.com/data/mOgUt4GM/versions/e0mxOOIE/modmenu-16.0.0-rc.1.jar","1.21.9","16.0.0-rc.1","https://cdn.modrinth.com/data/mOgUt4GM/versions/e0mxOOIE/modmenu-16.0.0-rc.1.jar","1.21.9","https://modrinth.com/mod/modmenu","https://cdn.modrinth.com/data/mOgUt4GM/versions/am1Siv7F/modmenu-15.0.0.jar","","required: eXts2L7r,P7dR8mSH","","","required: P7dR8mSH,eXts2L7r","","","modrinth","modrinth","","","","","","","","","1.14.4,1.15.2,1.16.1,1.16.4,1.16.5,1.17,1.17-pre1,1.17.1,1.18,1.18.1,1.18.1-pre1,1.18.1-rc1,1.18.1-rc2,1.18.1-rc3,1.18.2,1.18.2-pre1,1.18.2-pre2,1.18.2-pre3,1.18.2-rc1,1.19,1.19-pre1,1.19-pre2,1.19-pre3,1.19-pre4,1.19.1,1.19.1-pre2,1.19.1-rc1,1.19.2,1.19.3,1.19.4,1.19.4-pre1,1.19.4-pre2,1.19.4-pre3,1.19.4-pre4,1.19.4-rc1,1.19.4-rc2,1.19.4-rc3,1.20,1.20-pre1,1.20-pre2,1.20-pre3,1.20-pre4,1.20-pre5,1.20-pre6,1.20-pre7,1.20-rc1,1.20.1,1.20.1-rc1,1.20.2,1.20.2-pre1,1.20.2-pre2,1.20.2-pre3,1.20.2-pre4,1.20.2-rc1,1.20.2-rc2,1.20.3,1.20.3-pre1,1.20.3-pre2,1.20.3-pre3,1.20.3-pre4,1.20.3-rc1,1.20.4,1.20.4-rc1,1.20.5,1.20.5-pre1,1.20.5-rc3,1.20.6,1.20.6-rc1,1.21,1.21-pre2,1.21-pre3,1.21-pre4,1.21-rc1,1.21.1,1.21.1-rc1,1.21.10,1.21.10-rc1,1.21.2,1.21.2-pre1,1.21.2-pre2,1.21.2-pre3,1.21.2-pre4,1.21.2-pre5,1.21.2-rc1,1.21.2-rc2,1.21.3,1.21.4,1.21.4-rc3,1.21.5,1.21.5-rc1,1.21.5-rc2,1.21.6,1.21.6-rc1,1.21.7,1.21.8,1.21.9,21w06a,21w14a,21w37a,21w38a,22w03a,22w05a,22w06a,22w07a,22w15a,22w16b,22w17a,22w18a,22w19a,22w24a,22w43a,23w03a,23w05a,23w07a,23w12a,23w13a,23w13a_or_b,23w14a,23w16a,23w17a,23w18a,23w31a,23w32a,23w33a,23w35a,23w40a,23w42a,23w44a,23w45a,23w46a,23w51a,23w51b,24w03a,24w03b,24w04a,24w05a,24w05b,24w06a,24w07a,24w09a,24w10a,24w11a,24w12a,24w13a,24w14a,24w14potato,24w18a,24w33a,24w34a,24w35a,25w06a,25w09a,25w09b,25w10a","3b2da5794120ba682787b1ae7fbae78c1bb0eb8e330691ff794c570979d0749e"
"required","mod","1.21.8","xaeros-world-map","fabric","1.39.13_Fabric_1.21.8","Xaero's World Map","Fullscreen world map with land claim support","World & Exploration","XaerosWorldMap_1.39.13_Fabric_1.21.8.jar","1.39.17_Fabric_1.21.9","https://cdn.modrinth.com/data/NcUtCpym/versions/81Qc21E2/XaerosWorldMap_1.39.17_Fabric_1.21.9.jar","1.21.9","1.39.17_Fabric_1.21.9","https://cdn.modrinth.com/data/NcUtCpym/versions/81Qc21E2/XaerosWorldMap_1.39.17_Fabric_1.21.9.jar","1.21.9","https://modrinth.com/mod/xaeros-world-map","https://cdn.modrinth.com/data/NcUtCpym/versions/d1Pc1nIN/XaerosWorldMap_1.39.13_Fabric_1.21.8.jar","","required: P7dR8mSH,P7dR8mSH,P7dR8mSH,P7dR8mSH,P7dR8mSH,P7dR8mSH,P7dR8mSH,P7dR8mSH,P7dR8mSH,P7dR8mSH,P7dR8mSH,P7dR8mSH; optional: gF3BGWvG,gF3BGWvG,gF3BGWvG,gF3BGWvG,gF3BGWvG,gF3BGWvG,gF3BGWvG,gF3BGWvG,gF3BGWvG,gF3BGWvG,gF3BGWvG","","","required: P7dR8mSH,P7dR8mSH,P7dR8mSH,P7dR8mSH,P7dR8mSH,P7dR8mSH,P7dR8mSH,P7dR8mSH,P7dR8mSH,P7dR8mSH,P7dR8mSH,P7dR8mSH; optional: gF3BGWvG,gF3BGWvG,gF3BGWvG,gF3BGWvG,gF3BGWvG,gF3BGWvG,gF3BGWvG,gF3BGWvG,gF3BGWvG,gF3BGWvG,gF3BGWvG","","","modrinth","modrinth","","","","","","","","","1.12.2,1.14.4,1.15.2,1.16.2,1.16.3,1.16.4,1.16.5,1.17,1.17.1,1.18.2,1.19.1,1.19.2,1.19.3,1.19.4,1.20,1.20-rc1,1.20.1,1.20.2,1.20.3,1.20.3-rc1,1.20.4,1.20.5,1.20.6,1.21,1.21.1,1.21.10,1.21.3,1.21.4,1.21.5,1.21.6,1.21.7,1.21.8,1.21.9,1.7.10,1.8.9","6615cf5d0e72643dac50e2a1a5de476f655098964b522c65693b245da9ff8382"
"required","mod","1.21.8","xaeros-minimap","fabric","25.2.16_Fabric_1.21.8","Xaero's Minimap","On-screen minimap with item visibility","World & Exploration","Xaeros_Minimap_25.2.16_Fabric_1.21.8.jar","25.2.15_Fabric_1.21.9","https://cdn.modrinth.com/data/1bokaNcj/versions/hztxb2W2/Xaeros_Minimap_25.2.15_Fabric_1.21.9.jar","1.21.9","25.2.16_Fabric_1.21.8","https://cdn.modrinth.com/data/1bokaNcj/versions/dEIlpdij/Xaeros_Minimap_25.2.16_Fabric_1.21.8.jar","1.21.8","https://modrinth.com/mod/xaeros-minimap","https://cdn.modrinth.com/data/1bokaNcj/versions/dEIlpdij/Xaeros_Minimap_25.2.16_Fabric_1.21.8.jar","","required: P7dR8mSH,P7dR8mSH,P7dR8mSH,P7dR8mSH,P7dR8mSH,P7dR8mSH,P7dR8mSH,P7dR8mSH,P7dR8mSH,P7dR8mSH,P7dR8mSH,P7dR8mSH; optional: gF3BGWvG,gF3BGWvG,gF3BGWvG,gF3BGWvG,gF3BGWvG,gF3BGWvG,gF3BGWvG,gF3BGWvG,gF3BGWvG,gF3BGWvG,gF3BGWvG","","","required: P7dR8mSH,P7dR8mSH,P7dR8mSH,P7dR8mSH,P7dR8mSH,P7dR8mSH,P7dR8mSH,P7dR8mSH,P7dR8mSH,P7dR8mSH,P7dR8mSH,P7dR8mSH; optional: gF3BGWvG,gF3BGWvG,gF3BGWvG,gF3BGWvG,gF3BGWvG,gF3BGWvG,gF3BGWvG,gF3BGWvG,gF3BGWvG,gF3BGWvG,gF3BGWvG","","","modrinth","modrinth","","","","","","","","","1.12.2,1.14.4,1.15.2,1.16.2,1.16.3,1.16.4,1.16.5,1.17,1.17.1,1.18.2,1.19.1,1.19.2,1.19.3,1.19.4,1.20,1.20-rc1,1.20.1,1.20.2,1.20.3,1.20.3-rc1,1.20.4,1.20.5,1.20.6,1.21,1.21.1,1.21.10,1.21.3,1.21.4,1.21.5,1.21.6,1.21.7,1.21.8,1.21.9,1.7.10,1.8.9","a2059607eae958f014e325b37df575741576b599708d578804e88c111ac41d71"
"required","mod","1.21.8","xaeros-world-map","fabric","1.39.13_Fabric_1.21.8","Xaero's World Map","Fullscreen world map with land claim support","World & Exploration","XaerosWorldMap_1.39.13_Fabric_1.21.8.jar","1.39.17_Fabric_1.21.9","https://cdn.modrinth.com/data/NcUtCpym/versions/81Qc21E2/XaerosWorldMap_1.39.17_Fabric_1.21.9.jar","1.21.9","1.39.17_Fabric_1.21.9","https://cdn.modrinth.com/data/NcUtCpym/versions/81Qc21E2/XaerosWorldMap_1.39.17_Fabric_1.21.9.jar","1.21.9","https://modrinth.com/mod/xaeros-world-map","https://cdn.modrinth.com/data/NcUtCpym/versions/d1Pc1nIN/XaerosWorldMap_1.39.13_Fabric_1.21.8.jar","","required: P7dR8mSH,P7dR8mSH,P7dR8mSH,P7dR8mSH,P7dR8mSH,P7dR8mSH,P7dR8mSH,P7dR8mSH,P7dR8mSH,P7dR8mSH,P7dR8mSH,P7dR8mSH; optional: gF3BGWvG,gF3BGWvG,gF3BGWvG,gF3BGWvG,gF3BGWvG,gF3BGWvG,gF3BGWvG,gF3BGWvG,gF3BGWvG,gF3BGWvG,gF3BGWvG","","","required: P7dR8mSH,P7dR8mSH,P7dR8mSH,P7dR8mSH,P7dR8mSH,P7dR8mSH,P7dR8mSH,P7dR8mSH,P7dR8mSH,P7dR8mSH,P7dR8mSH,P7dR8mSH; optional: gF3BGWvG,gF3BGWvG,gF3BGWvG,gF3BGWvG,gF3BGWvG,gF3BGWvG,gF3BGWvG,gF3BGWvG,gF3BGWvG,gF3BGWvG,gF3BGWvG","","","modrinth","modrinth","","","","","","","","","1.12.2,1.14.4,1.15.2,1.16.2,1.16.3,1.16.4,1.16.5,1.17,1.17.1,1.18.2,1.19.1,1.19.2,1.19.3,1.19.4,1.20,1.20-rc1,1.20.1,1.20.2,1.20.3,1.20.3-rc1,1.20.4,1.20.5,1.20.6,1.21,1.21.1,1.21.10,1.21.3,1.21.4,1.21.5,1.21.6,1.21.7,1.21.8,1.21.9,1.7.10,1.8.9","6615cf5d0e72643dac50e2a1a5de476f655098964b522c65693b245da9ff8382"
"required","mod","1.21.8","xaeros-minimap","fabric","25.2.16_Fabric_1.21.8","Xaero's Minimap","On-screen minimap with item visibility","World & Exploration","Xaeros_Minimap_25.2.16_Fabric_1.21.8.jar","25.2.15_Fabric_1.21.9","https://cdn.modrinth.com/data/1bokaNcj/versions/hztxb2W2/Xaeros_Minimap_25.2.15_Fabric_1.21.9.jar","1.21.9","25.2.16_Fabric_1.21.8","https://cdn.modrinth.com/data/1bokaNcj/versions/dEIlpdij/Xaeros_Minimap_25.2.16_Fabric_1.21.8.jar","1.21.8","https://modrinth.com/mod/xaeros-minimap","https://cdn.modrinth.com/data/1bokaNcj/versions/dEIlpdij/Xaeros_Minimap_25.2.16_Fabric_1.21.8.jar","","required: P7dR8mSH,P7dR8mSH,P7dR8mSH,P7dR8mSH,P7dR8mSH,P7dR8mSH,P7dR8mSH,P7dR8mSH,P7dR8mSH,P7dR8mSH,P7dR8mSH,P7dR8mSH; optional: gF3BGWvG,gF3BGWvG,gF3BGWvG,gF3BGWvG,gF3BGWvG,gF3BGWvG,gF3BGWvG,gF3BGWvG,gF3BGWvG,gF3BGWvG,gF3BGWvG","","","required: P7dR8mSH,P7dR8mSH,P7dR8mSH,P7dR8mSH,P7dR8mSH,P7dR8mSH,P7dR8mSH,P7dR8mSH,P7dR8mSH,P7dR8mSH,P7dR8mSH,P7dR8mSH; optional: gF3BGWvG,gF3BGWvG,gF3BGWvG,gF3BGWvG,gF3BGWvG,gF3BGWvG,gF3BGWvG,gF3BGWvG,gF3BGWvG,gF3BGWvG,gF3BGWvG","","","modrinth","modrinth","","","","","","","","","1.12.2,1.14.4,1.15.2,1.16.2,1.16.3,1.16.4,1.16.5,1.17,1.17.1,1.18.2,1.19.1,1.19.2,1.19.3,1.19.4,1.20,1.20-rc1,1.20.1,1.20.2,1.20.3,1.20.3-rc1,1.20.4,1.20.5,1.20.6,1.21,1.21.1,1.21.10,1.21.3,1.21.4,1.21.5,1.21.6,1.21.7,1.21.8,1.21.9,1.7.10,1.8.9","a2059607eae958f014e325b37df575741576b599708d578804e88c111ac41d71"
"required","mod","1.21.8","journeymap","fabric","1.21.8-6.0.0-beta.52+fabric","Journeymap","Real-time map and waypoint management","World & Exploration","journeymap-fabric-1.21.8-6.0.0-beta.52.jar","1.21.9-6.0.0-beta.53+fabric","https://cdn.modrinth.com/data/lfHFW1mp/versions/FxkPeHeI/journeymap-fabric-1.21.9-6.0.0-beta.53.jar","1.21.9","1.21.10-6.0.0-beta.52+fabric","https://cdn.modrinth.com/data/lfHFW1mp/versions/TYlVzBhI/journeymap-fabric-1.21.10-6.0.0-beta.52.jar","1.21.10","https://modrinth.com/mod/journeymap","https://cdn.modrinth.com/data/lfHFW1mp/versions/vuRfR12O/journeymap-fabric-1.21.8-6.0.0-beta.52.jar","","","","","","","","modrinth","modrinth","","","","","","","","","1.12.2,1.16.5,1.18.2,1.19,1.19.1,1.19.2,1.19.3,1.19.4,1.20,1.20.1,1.20.2,1.20.3,1.20.4,1.20.5,1.20.6,1.21,1.21.1,1.21.10,1.21.3,1.21.4,1.21.5,1.21.6,1.21.7,1.21.8,1.21.9,1.7.10,25w14craftmine","1be88282d92bbbd3ff5e95e7490a495b57824721d42fea8487fc660eba5f73d5"
"required","mod","1.21.8","waystones","fabric","21.8.5+fabric-1.21.8","Waystones","Fast travel points between waystones","World & Exploration","waystones-fabric-1.21.8-21.8.5.jar","21.9.2+fabric-1.21.9","https://cdn.modrinth.com/data/LOpKHB2A/versions/117bXtCF/waystones-fabric-1.21.9-21.9.2.jar","1.21.9","21.10.3+fabric-1.21.10","https://cdn.modrinth.com/data/LOpKHB2A/versions/HOTNXNDm/waystones-fabric-1.21.10-21.10.3.jar","1.21.10","https://modrinth.com/mod/waystones","https://cdn.modrinth.com/data/LOpKHB2A/versions/jPsizyXy/waystones-fabric-1.21.8-21.8.5.jar","","required: MBAkmtvl,P7dR8mSH","","","required: MBAkmtvl,P7dR8mSH","","","modrinth","modrinth","","","","","","","","","1.16.5,1.18,1.18.1,1.18.2,1.19,1.19.1,1.19.2,1.19.3,1.19.4,1.20,1.20.1,1.20.2,1.20.4,1.20.6,1.21,1.21.1,1.21.10,1.21.2,1.21.3,1.21.4,1.21.5,1.21.6,1.21.7,1.21.8,1.21.9","4313c9a529947cd8ef9f886ae92729398dddbf937e3218a7d71cc67c17676c2f"
"required","mod","1.21.8","malilib","fabric","0.25.5","MaLiLib","Library for map-related mods like Xaero's","World & Exploration","malilib-fabric-1.21.8-0.25.5.jar","0.26.3","https://cdn.modrinth.com/data/GcWjdA9I/versions/4K7Z6tDa/malilib-fabric-1.21.10-0.26.3.jar","1.21.9","0.26.3","https://cdn.modrinth.com/data/GcWjdA9I/versions/4K7Z6tDa/malilib-fabric-1.21.10-0.26.3.jar","1.21.9","https://modrinth.com/mod/malilib","https://cdn.modrinth.com/data/GcWjdA9I/versions/iS29zBBc/malilib-fabric-1.21.8-0.25.5.jar","","","","","","","","modrinth","modrinth","","","","","","","","","1.12,1.12.1,1.12.2,1.13.2,1.14,1.14.2,1.14.3,1.14.4,1.15,1.15-pre1,1.15-pre3,1.15-pre4,1.15-pre6,1.15.1,1.15.2,1.16,1.16-pre2,1.16-pre3,1.16.1,1.16.2,1.16.3,1.16.4,1.16.5,1.17,1.17-pre4,1.17.1,1.18,1.18.1,1.18.2,1.19,1.19.1,1.19.2,1.19.3,1.19.4,1.20,1.20.1,1.20.2,1.20.3,1.20.4,1.20.5,1.20.6,1.21,1.21.1,1.21.10,1.21.2,1.21.3,1.21.4,1.21.5,1.21.6,1.21.7,1.21.8,1.21.9,19w03c,19w36a,19w37a,19w38b,19w39a,19w40a,19w41a,19w44a,19w46b,20w06a,20w09a,20w10a,20w11a,20w12a,20w13a,20w14a,20w15a,20w16a,20w17a,20w18a,20w19a,20w20b,20w21a,20w22a,20w45a,20w48a,20w49a,20w51a,21w05a,21w08b,21w13a,21w14a,21w18a,23w43b","f40e92c57bd591794dbd1acc657c809c9d6edcf391a5e98498f36167537551b1"
"required","mod","1.21.8","worldedit","fabric","7.3.16","WorldEdit","In-game world editor","World & Exploration","worldedit-mod-7.3.16.jar","7.4.0-beta-01","https://cdn.modrinth.com/data/1u6JkXh5/versions/wlq4UM7x/worldedit-mod-7.4.0-beta-01.jar","1.21.9","7.4.0-beta-01","https://cdn.modrinth.com/data/1u6JkXh5/versions/wlq4UM7x/worldedit-mod-7.4.0-beta-01.jar","1.21.9","https://modrinth.com/plugin/worldedit","https://cdn.modrinth.com/data/1u6JkXh5/versions/R846T4GX/worldedit-mod-7.3.16.jar","","","","","","","","modrinth","modrinth","","","","","","","","","1.17.1,1.18.2,1.19.4,1.20,1.20.1,1.20.2,1.20.3,1.20.4,1.20.5,1.20.6,1.21,1.21.1,1.21.10,1.21.2,1.21.3,1.21.4,1.21.5,1.21.6,1.21.7,1.21.8,1.21.9","e48c55dff6d4cad38d597c1f52dd2f975dc79c516e035fff5a427a44ce545698"
"required","mod","1.21.8","owo-lib","fabric","0.12.23+1.21.8","o?o","Miscellaneous mod","World & Exploration","owo-lib-0.12.23+1.21.8.jar","0.12.24+1.21.9","https://cdn.modrinth.com/data/ccKDOlHs/versions/dZPuIa4j/owo-lib-0.12.24%2B1.21.9.jar","1.21.9","0.12.24+1.21.9","https://cdn.modrinth.com/data/ccKDOlHs/versions/dZPuIa4j/owo-lib-0.12.24%2B1.21.9.jar","1.21.9","https://modrinth.com/mod/owo-lib","https://cdn.modrinth.com/data/ccKDOlHs/versions/mfHtm034/owo-lib-0.12.23%2B1.21.8.jar","","required: P7dR8mSH","","","required: P7dR8mSH","","","modrinth","modrinth","","","","","","","","","1.17,1.17.1,1.18,1.18-pre8,1.18.1,1.18.2,1.19,1.19.1,1.19.2,1.19.3,1.19.4,1.20,1.20.1,1.20.2,1.20.3,1.20.4,1.20.5,1.20.6,1.21,1.21.1,1.21.10,1.21.2,1.21.3,1.21.4,1.21.5,1.21.6,1.21.7,1.21.8,1.21.9,21w43a","c97d2f3e624578b1383dfd84f3f3e3b5d448aa195f666e5b6e96e34a14b67781"
"required","mod","1.21.8","toms-storage","fabric","1.21.8-2.5.1-fabric","Tom's Simple Storage Mod","Simple inventory storage mod","Storage & Inventory","toms_storage_fabric-1.21.8-2.5.1.jar","1.21.8-2.5.1-fabric","https://cdn.modrinth.com/data/XZNI4Cpy/versions/hUHaVHCk/toms_storage_fabric-1.21.8-2.5.1.jar","1.21.9","1.21.10-2.6.0-fabric","https://cdn.modrinth.com/data/XZNI4Cpy/versions/z9q8nGMl/toms_storage_fabric-1.21.10-2.6.0.jar","1.21.10","https://modrinth.com/mod/toms-storage","https://cdn.modrinth.com/data/XZNI4Cpy/versions/hUHaVHCk/toms_storage_fabric-1.21.8-2.5.1.jar","","required: 9s6osm5g; optional: 5aaWibi9,fRiHVvU7,nfn13YXA,Orvt0mRa,tagwiZkJ,u6dRKJwZ","","","required: 9s6osm5g,9s6osm5g; optional: 5aaWibi9,nfn13YXA,fRiHVvU7,u6dRKJwZ,tagwiZkJ,Orvt0mRa,Orvt0mRa,fRiHVvU7,5aaWibi9,tagwiZkJ,u6dRKJwZ,nfn13YXA","","","modrinth","modrinth","","","","","","","","","1.15.2,1.16.4,1.16.5,1.17.1,1.18,1.18.1,1.18.2,1.19,1.19-pre5,1.19-rc1,1.19.1,1.19.2,1.19.3,1.19.4,1.19.4-pre3,1.20,1.20-pre1,1.20-pre2,1.20-pre3,1.20-pre4,1.20-pre5,1.20-pre6,1.20.1,1.20.2,1.20.2-pre2,1.20.2-rc1,1.20.4,1.20.5,1.20.5-pre1,1.20.6,1.21,1.21.1,1.21.2,1.21.2-pre3,1.21.3,1.21.4,1.21.5,1.21.6,1.21.7,1.21.8,22w17a,22w18a,23w17a,23w18a,23w32a,23w43a,23w51b,24w03b,24w10a,24w12a","764c851f627ddd78eb3fa40c23f757115893737590e8ceb393c95cda581a78a2"
"required","mod","1.21.8","travelersbackpack","fabric","1.21.8-10.8.4","Traveler's Backpack","Upgradeable backpacks with accessories integration","Storage & Inventory","travelersbackpack-fabric-1.21.8-10.8.4.jar","1.21.8-10.8.4","https://cdn.modrinth.com/data/rlloIFEV/versions/P3LjVY8i/travelersbackpack-fabric-1.21.8-10.8.4.jar","1.21.9","1.21.8-10.8.4","https://cdn.modrinth.com/data/rlloIFEV/versions/P3LjVY8i/travelersbackpack-fabric-1.21.8-10.8.4.jar","1.21.7","https://modrinth.com/mod/travelersbackpack","https://cdn.modrinth.com/data/rlloIFEV/versions/P3LjVY8i/travelersbackpack-fabric-1.21.8-10.8.4.jar","","required: 9s6osm5g,K01OU20C,P7dR8mSH; optional: 5aaWibi9,fRiHVvU7,HnD1GX6e,jtmvUHXj,nfn13YXA,SaCpeal4,tagwiZkJ,u6dRKJwZ,yn9u3ypm","","","required: K01OU20C,P7dR8mSH,9s6osm5g; optional: u6dRKJwZ,nfn13YXA,jtmvUHXj,SaCpeal4,fRiHVvU7,HnD1GX6e,yn9u3ypm,5aaWibi9,tagwiZkJ","","","modrinth","modrinth","","","","","","","","","1.12.2,1.16.5,1.17.1,1.18.2,1.19.2,1.19.3,1.19.4,1.20,1.20-rc1,1.20.1,1.20.2,1.20.4,1.20.6,1.21,1.21.1,1.21.4,1.21.5,1.21.6,1.21.7,1.21.8","74302008b017d84e631579e83a1819b1ba55e2c27d5623ba498a8eec0babdca9"
"required","mod","1.21.8","shulkerboxtooltip","fabric","5.2.11+1.21.8-fabric","Shulker Box Tooltip","Preview Shulker Box contents","Storage & Inventory","shulkerboxtooltip-fabric-5.2.11+1.21.8.jar","5.2.11+1.21.9-fabric","https://cdn.modrinth.com/data/2M01OLQq/versions/4DMOp59l/shulkerboxtooltip-fabric-5.2.11%2B1.21.9.jar","1.21.9","5.2.11+1.21.9-fabric","https://cdn.modrinth.com/data/2M01OLQq/versions/4DMOp59l/shulkerboxtooltip-fabric-5.2.11%2B1.21.9.jar","1.21.9","https://modrinth.com/mod/shulkerboxtooltip","https://cdn.modrinth.com/data/2M01OLQq/versions/hFSSWjId/shulkerboxtooltip-fabric-5.2.11%2B1.21.8.jar","","required: P7dR8mSH; optional: mOgUt4GM","","","required: P7dR8mSH; optional: mOgUt4GM","","","modrinth","modrinth","","","","","","","","","1.16.5,1.17.1,1.18.2,1.19,1.19.1,1.19.2,1.19.3,1.19.4,1.20,1.20.1,1.20.2,1.20.4,1.20.6,1.21,1.21.1,1.21.10,1.21.3,1.21.4,1.21.5,1.21.6,1.21.7,1.21.8,1.21.9","c331fad1f08106bc904577923cbab8f83ba599a10791a9a1e0b639e1d29ac81a"
"required","mod","1.21.8","inventory-totem","fabric","1.21.8-3.4-fabric+forge+neo","Inventory Totem","Totem effect works from inventory","Storage & Inventory","inventorytotem-1.21.8-3.4.jar","1.21.9-3.4-fabric+forge+neo","https://cdn.modrinth.com/data/yQj7xqEM/versions/tF36oGBZ/inventorytotem-1.21.9-3.4.jar","1.21.9","1.21.10-3.4-fabric+forge+neo","https://cdn.modrinth.com/data/yQj7xqEM/versions/PJUV0qHt/inventorytotem-1.21.10-3.4.jar","1.21.10","https://modrinth.com/mod/inventory-totem","https://cdn.modrinth.com/data/yQj7xqEM/versions/EKYaWQlO/inventorytotem-1.21.8-3.4.jar","","required: e0M1UDsY","","","required: e0M1UDsY,e0M1UDsY,e0M1UDsY,e0M1UDsY,e0M1UDsY,e0M1UDsY,e0M1UDsY","","","modrinth","modrinth","","","","","","","","","1.16.5,1.18.2,1.19.2,1.19.3,1.19.4,1.20,1.20.1,1.20.2,1.20.3,1.20.4,1.20.5,1.20.6,1.21,1.21.1,1.21.10,1.21.2,1.21.3,1.21.4,1.21.5,1.21.6,1.21.7,1.21.8,1.21.9","3bf9c881462f68e7dc1ca1f48cb9433f5614e0328f04ca40d6d8a998d10fa6c7"
"required","mod","1.21.8","appleskin","fabric","3.0.6+mc1.21.6","AppleSkin","Detailed food/saturation HUD","Storage & Inventory","appleskin-fabric-mc1.21.6-3.0.6.jar","3.0.7+mc1.21.9","https://cdn.modrinth.com/data/EsAfCjCV/versions/8sbiz1lS/appleskin-fabric-mc1.21.9-3.0.7.jar","1.21.9","3.0.7+mc1.21.9","https://cdn.modrinth.com/data/EsAfCjCV/versions/8sbiz1lS/appleskin-fabric-mc1.21.9-3.0.7.jar","1.21.9","https://modrinth.com/mod/appleskin","https://cdn.modrinth.com/data/EsAfCjCV/versions/YAjCkZ29/appleskin-fabric-mc1.21.6-3.0.6.jar","","required: P7dR8mSH","","","required: P7dR8mSH","","","modrinth","modrinth","","","","","","","","","1.10.2,1.11.2,1.12.2,1.13.2,1.14.4,1.15.2,1.16.4,1.16.5,1.17.1,1.18,1.18.1,1.18.2,1.19,1.19.1,1.19.2,1.19.3,1.19.4,1.20,1.20.1,1.20.2,1.20.3,1.20.4,1.20.5,1.20.6,1.21,1.21.1,1.21.2,1.21.3,1.21.4,1.21.5,1.21.6,1.21.7,1.21.8,1.21.9,24w14potato","f8e7fde4ad15ddcd3f20b5abafa630a01f0050d104f0d21d95027dcb3cce5692"
"required","mod","1.21.8","inventoryhudplus","fabric","3.4.27","Inventory HUD+","Display inventory on screen","Storage & Inventory","inventoryhud.fabric.1.21.8-3.4.27.jar","3.4.29","https://cdn.modrinth.com/data/Kp2uclYl/versions/fdBE7Isj/inventoryhud.fabric.1.21.9-3.4.29.jar","1.21.9","3.4.29","https://cdn.modrinth.com/data/Kp2uclYl/versions/8iXTtTef/inventoryhud.fabric.1.21.10-3.4.29.jar","1.21.10","https://modrinth.com/mod/inventoryhudplus","https://cdn.modrinth.com/data/Kp2uclYl/versions/ose3RsTl/inventoryhud.fabric.1.21.8-3.4.27.jar","","","","","","","","modrinth","modrinth","","","","","","","","","","ab00e5b28a161345fd1a42c5baeeaae661c8f23d33eb8545282ecf56ad1f73a7"
"required","mod","1.21.8","inventory-management","fabric","1.6.0+1.21.6","Inventory Management","Sort/transfer items easily","Storage & Inventory","inventorymanagement-1.6.0+1.21.6.jar","1.6.0+1.21.9","https://cdn.modrinth.com/data/F7wXag4i/versions/gXENH8Ec/inventorymanagement-1.6.0%2B1.21.9.jar","1.21.9","1.6.0+1.21.9","https://cdn.modrinth.com/data/F7wXag4i/versions/gXENH8Ec/inventorymanagement-1.6.0%2B1.21.9.jar","1.21.9","https://modrinth.com/mod/inventory-management","https://cdn.modrinth.com/data/F7wXag4i/versions/sq1lxU3z/inventorymanagement-1.6.0%2B1.21.6.jar","","","","","","","","modrinth","modrinth","","","","","","","","","1.18.2,1.19,1.19.1,1.19.2,1.19.3,1.19.4,1.20,1.20.1,1.20.2,1.20.3,1.20.4,1.20.5,1.20.6,1.21,1.21.1,1.21.10,1.21.2,1.21.3,1.21.4,1.21.5,1.21.6,1.21.7,1.21.8,1.21.9","4070239fd39b4b8d3eaa308b67bfbbe81c2e2f91ebc8a8466ea2dee97333904d"
"required","mod","1.21.8","itemlocks","fabric","1.21.8-1.3.11","ItemLocks","Prevent accidental item loss by locking slots","Storage & Inventory","ItemLocks-Fabric-1.21.8-1.3.11.jar","1.21.8-1.3.11","https://cdn.modrinth.com/data/tJzrFuyy/versions/riMRlhDh/ItemLocks-Fabric-1.21.8-1.3.11.jar","1.21.9","1.21.8-1.3.11","https://cdn.modrinth.com/data/tJzrFuyy/versions/riMRlhDh/ItemLocks-Fabric-1.21.8-1.3.11.jar","1.21.8","https://modrinth.com/mod/itemlocks","https://cdn.modrinth.com/data/tJzrFuyy/versions/riMRlhDh/ItemLocks-Fabric-1.21.8-1.3.11.jar","","required: 9s6osm5g; optional: mOgUt4GM","","","required: 9s6osm5g,9s6osm5g; optional: mOgUt4GM","","","modrinth","modrinth","","","","","","","","","1.18.2,1.19.2,1.19.3,1.19.4,1.20,1.20.1,1.20.2,1.20.3,1.20.4,1.20.5,1.20.6,1.21,1.21.1,1.21.2,1.21.3,1.21.4,1.21.5,1.21.6,1.21.7,1.21.8","a3528d5a1bf69134dd4e472c2c7a3f8ec1f31d9ba71f0c9ae472dd288ab77601"
"required","mod","1.21.8","stack-refill","fabric","1.21.8-4.9-fabric+forge+neo","Stack Refill","Automatically refills depleted items","Storage & Inventory","stackrefill-1.21.8-4.9.jar","1.21.9-5.0-fabric+forge+neo","https://cdn.modrinth.com/data/mQWkB9ON/versions/lc9ctF0h/stackrefill-1.21.9-5.0.jar","1.21.9","1.21.10-5.0-fabric+forge+neo","https://cdn.modrinth.com/data/mQWkB9ON/versions/AkyyQNbG/stackrefill-1.21.10-5.0.jar","1.21.10","https://modrinth.com/mod/stack-refill","https://cdn.modrinth.com/data/mQWkB9ON/versions/rOD8gQJ5/stackrefill-1.21.8-4.9.jar","","required: e0M1UDsY","","","required: e0M1UDsY,e0M1UDsY,e0M1UDsY,e0M1UDsY,e0M1UDsY","","","modrinth","modrinth","","","","","","","","","1.16.5,1.18.2,1.19.2,1.19.3,1.19.4,1.20,1.20.1,1.20.2,1.20.3,1.20.4,1.20.5,1.20.6,1.21,1.21.1,1.21.10,1.21.2,1.21.3,1.21.4,1.21.5,1.21.6,1.21.7,1.21.8,1.21.9","ee462eebc8fd541502133baaadffea4b722acf4aae235fa54d94710294651d41"
"required","mod","1.21.8","craftable-name-tag","fabric","1.21.8-0.1","CraftableNameTag","Allows Name Tag crafting","Storage & Inventory","CraftableNameTag-1.21.8-0.1.jar","1.21.9-0.1","https://cdn.modrinth.com/data/mi57UBwo/versions/X9nJBDgB/CraftableNameTag-1.21.9-0.1.jar","1.21.9","1.21.10-0.1","https://cdn.modrinth.com/data/mi57UBwo/versions/k4PKydpS/CraftableNameTag-1.21.10-0.1.jar","1.21.10","https://modrinth.com/datapack/craftable-name-tag","https://cdn.modrinth.com/data/mi57UBwo/versions/yMmelrrT/CraftableNameTag-1.21.8-0.1.jar","","required: P7dR8mSH","","","required: P7dR8mSH","","","modrinth","modrinth","","","","","","","","","1.18,1.18.1,1.18.2,1.19,1.19.1,1.19.2,1.19.3,1.19.4,1.20,1.20.1,1.20.2,1.20.3,1.20.4,1.20.5,1.20.6,1.21,1.21.1,1.21.10,1.21.2,1.21.3,1.21.4,1.21.5,1.21.6,1.21.7,1.21.8,1.21.9","7b06debf3ea5bfcccb8cac54e09cba6f12f25b19fd99f45cbdc3b4585156ba56"
"required","mod","1.21.8","open-parties-and-claims","fabric","fabric-1.21.8-0.25.8","Open Parties and Claims","Land claims, chunk loading, and parties","Multiplayer & Server","open-parties-and-claims-fabric-1.21.8-0.25.8.jar","fabric-1.21.9-0.25.6","https://cdn.modrinth.com/data/gF3BGWvG/versions/lGYNdsWV/open-parties-and-claims-fabric-1.21.9-0.25.6.jar","1.21.9","fabric-1.21.10-0.25.8","https://cdn.modrinth.com/data/gF3BGWvG/versions/MZ9uI929/open-parties-and-claims-fabric-1.21.10-0.25.8.jar","1.21.10","https://modrinth.com/mod/open-parties-and-claims","https://cdn.modrinth.com/data/gF3BGWvG/versions/oY049FGU/open-parties-and-claims-fabric-1.21.8-0.25.8.jar","","required: ohNO6lps,P7dR8mSH","","","required: ohNO6lps,P7dR8mSH,ohNO6lps,P7dR8mSH,P7dR8mSH,ohNO6lps,P7dR8mSH,ohNO6lps,ohNO6lps,P7dR8mSH,P7dR8mSH,ohNO6lps,P7dR8mSH,ohNO6lps,ohNO6lps,P7dR8mSH,P7dR8mSH,ohNO6lps,P7dR8mSH,ohNO6lps,ohNO6lps,P7dR8mSH","","","modrinth","modrinth","","","","","","","","","1.18.2,1.19,1.19.1,1.19.1-pre1,1.19.1-pre2,1.19.1-pre3,1.19.1-pre4,1.19.1-pre5,1.19.1-pre6,1.19.1-rc1,1.19.1-rc2,1.19.1-rc3,1.19.2,1.19.3,1.19.4,1.20,1.20-rc1,1.20.1,1.20.2,1.20.3,1.20.4,1.20.5,1.20.6,1.21,1.21.1,1.21.10,1.21.3,1.21.4,1.21.5,1.21.6,1.21.8,1.21.9","b20375479981c377b72370ac133c72ca8597e80d3474508a5af19916a2d19452"
"required","mod","1.21.8","universal-graves","fabric","3.8.1+1.21.6","Universal Graves","Customisable death graves","Multiplayer & Server","graves-3.8.1+1.21.6.jar","3.9.0+1.21.9","https://cdn.modrinth.com/data/yn9u3ypm/versions/bJROTlRS/graves-3.9.0%2B1.21.9.jar","1.21.9","3.9.0+1.21.9","https://cdn.modrinth.com/data/yn9u3ypm/versions/bJROTlRS/graves-3.9.0%2B1.21.9.jar","1.21.9-rc1","https://modrinth.com/mod/universal-graves","https://cdn.modrinth.com/data/yn9u3ypm/versions/gdZmLCZD/graves-3.8.1%2B1.21.6.jar","","required: xGdtZczs","","","required: xGdtZczs","","","modrinth","modrinth","","","","","","","","","1.17,1.17.1,1.18,1.18-rc1,1.18-rc2,1.18-rc3,1.18.1,1.18.2,1.19,1.19-rc2,1.19.1,1.19.2,1.19.3,1.19.3-rc3,1.19.4,1.19.4-rc2,1.20,1.20-rc1,1.20.1,1.20.2,1.20.2-rc2,1.20.3,1.20.3-rc1,1.20.4,1.20.5,1.20.6,1.21,1.21-rc1,1.21.1,1.21.10,1.21.2,1.21.3,1.21.4,1.21.4-rc1,1.21.5,1.21.5-rc2,1.21.6,1.21.7,1.21.8,1.21.9,1.21.9-rc1","7a047e03708a6f82d07ee17a0f6345d55b91a1918dfafe28ffd58d7061fe9510"
"required","mod","1.21.8","styled-chat","fabric","2.9.0+1.21.6","Styled Chat","Custom in-game chat styling","Multiplayer & Server","styled-chat-2.9.0+1.21.6.jar","2.10.0+1.21.9","https://cdn.modrinth.com/data/doqSKB0e/versions/ub8BCtuy/styled-chat-2.10.0%2B1.21.9.jar","1.21.9","2.10.0+1.21.9","https://cdn.modrinth.com/data/doqSKB0e/versions/ub8BCtuy/styled-chat-2.10.0%2B1.21.9.jar","1.21.9-rc1","https://modrinth.com/mod/styled-chat","https://cdn.modrinth.com/data/doqSKB0e/versions/4iEiOcnO/styled-chat-2.9.0%2B1.21.6.jar","","","","","","","","modrinth","modrinth","","","","","","","","","1.17,1.17.1,1.18,1.18.1,1.18.2,1.19,1.19-rc2,1.19.1,1.19.2,1.19.3,1.19.3-rc1,1.19.4,1.20,1.20-rc1,1.20.1,1.20.2,1.20.2-rc2,1.20.3,1.20.3-rc1,1.20.4,1.20.5,1.20.5-rc2,1.20.6,1.21,1.21-rc1,1.21.1,1.21.10,1.21.2,1.21.2-rc1,1.21.3,1.21.4,1.21.5,1.21.5-rc1,1.21.6,1.21.7,1.21.8,1.21.9,1.21.9-rc1","051d91bcd0974f0e5869347a69afca1590b0bda6731ac3079d1c771144a6266e"
"required","mod","1.21.8","styledplayerlist","fabric","3.8.0+1.21.6","Styled Player List","Customisable player tab list","Multiplayer & Server","styledplayerlist-3.8.0+1.21.6.jar","3.9.0+1.21.9","https://cdn.modrinth.com/data/DQIfKUHf/versions/2QAJ6cLM/styledplayerlist-3.9.0%2B1.21.9.jar","1.21.9","3.9.0+1.21.9","https://cdn.modrinth.com/data/DQIfKUHf/versions/2QAJ6cLM/styledplayerlist-3.9.0%2B1.21.9.jar","1.21.9-rc1","https://modrinth.com/mod/styledplayerlist","https://cdn.modrinth.com/data/DQIfKUHf/versions/roni2qRY/styledplayerlist-3.8.0%2B1.21.6.jar","","","","","","","","modrinth","modrinth","","","","","","","","","1.16.2,1.16.3,1.16.4,1.16.5,1.17,1.17-pre2,1.17-rc2,1.17.1,1.18,1.18.1,1.18.2,1.19,1.19-rc2,1.19.1,1.19.2,1.19.3,1.19.3-rc1,1.19.4,1.20,1.20-rc1,1.20.1,1.20.2,1.20.2-rc2,1.20.3,1.20.3-rc1,1.20.4,1.20.5,1.20.5-rc2,1.20.6,1.21,1.21-rc1,1.21.1,1.21.10,1.21.2,1.21.2-rc1,1.21.3,1.21.4,1.21.5,1.21.5-rc1,1.21.6,1.21.7,1.21.8,1.21.9,1.21.9-rc1","32e5f3e437a8df2cf3fc05788ca698fb9c11d7e1e76552ec97cb316a1a2af1d8"
"required","mod","1.21.8","pets-dont-die","fabric","1.1.5+mod","Pets Don't Die","Makes tameable mobs immortal (with exceptions)","Multiplayer & Server","pets-dont-die-1.1.5.jar","1.1.5+mod","https://cdn.modrinth.com/data/5H9ypkdW/versions/uMOvPLUi/pets-dont-die-1.1.5.jar","1.21.9","1.1.5+mod","https://cdn.modrinth.com/data/5H9ypkdW/versions/uMOvPLUi/pets-dont-die-1.1.5.jar","1.21.5","https://modrinth.com/mod/pets-dont-die","https://cdn.modrinth.com/data/5H9ypkdW/versions/uMOvPLUi/pets-dont-die-1.1.5.jar","","","","","","","","modrinth","modrinth","","","","","","","","","1.21.5","3248b63c2a236f5b0385ba80dde65907d1ea0c1de83b53c8a8a1e5fba8c0a281"
"required","mod","1.21.8","sodium","fabric","mc1.21.8-0.7.2-fabric","Sodium","The fastest and most compatible rendering optimization mod for Minecraft","Performance & Protection","sodium-fabric-0.7.2+mc1.21.8.jar","mc1.21.10-0.7.2-fabric","https://cdn.modrinth.com/data/AANobbMI/versions/VTidoe6U/sodium-fabric-0.7.2%2Bmc1.21.10.jar","1.21.9","mc1.21.8-0.7.2-fabric","https://cdn.modrinth.com/data/AANobbMI/versions/pJRT8Zxt/sodium-fabric-0.7.2%2Bmc1.21.8.jar","1.21.6","https://modrinth.com/mod/sodium","https://cdn.modrinth.com/data/AANobbMI/versions/pJRT8Zxt/sodium-fabric-0.7.2%2Bmc1.21.8.jar","","","","","","","","modrinth","modrinth","","","","","","","","","1.16.3,1.16.4,1.16.5,1.17,1.17.1,1.18,1.18.1,1.18.2,1.19,1.19.1,1.19.2,1.19.3,1.19.4,1.20,1.20.1,1.20.2,1.20.3,1.20.4,1.20.5,1.20.6,1.21,1.21.1,1.21.10,1.21.2,1.21.3,1.21.4,1.21.5,1.21.6,1.21.7,1.21.8,1.21.9","00770fd1ae21844ee5473a14837d8eeb13845eb390cdac080f4e4f4e2340cb9f"
"required","mod","1.21.8","ferrite-core","fabric","8.0.0-fabric","FerriteCore","Reduces memory usage","Performance & Protection","ferritecore-8.0.0-fabric.jar","8.0.0-fabric","https://cdn.modrinth.com/data/uXXizFIs/versions/CtMpt7Jr/ferritecore-8.0.0-fabric.jar","1.21.9","8.0.0-fabric","https://cdn.modrinth.com/data/uXXizFIs/versions/CtMpt7Jr/ferritecore-8.0.0-fabric.jar","1.21.5","https://modrinth.com/mod/ferrite-core","https://cdn.modrinth.com/data/uXXizFIs/versions/CtMpt7Jr/ferritecore-8.0.0-fabric.jar","","","","","","","","modrinth","modrinth","","","","","","","","","1.16.5,1.17,1.17.1,1.18,1.18.1,1.18.2,1.19,1.19.1,1.19.2,1.19.3,1.19.4,1.20,1.20.1,1.20.2,1.20.4,1.20.5,1.20.6,1.21,1.21.1,1.21.3,1.21.4,1.21.5,1.21.6,1.21.7,1.21.8,1.21.9","ea8dd50fdaaa2950f9b0d08dd7bc0d53a9df9798d2ab73a6f621ad81b235eff4"
"required","mod","1.21.8","blast","fabric","1.13.3-1.21.7","BLAST","Performance optimisations and anti-crash","Performance & Protection","blast-1.13.3-1.21.7.jar","1.13.4-1.21.9","https://cdn.modrinth.com/data/hrVBD9fd/versions/ig3cPveZ/blast-1.13.4-1.21.9.jar","1.21.9","1.13.4-1.21.9","https://cdn.modrinth.com/data/hrVBD9fd/versions/ig3cPveZ/blast-1.13.4-1.21.9.jar","1.21.9","https://modrinth.com/mod/blast","https://cdn.modrinth.com/data/hrVBD9fd/versions/wbOnhig6/blast-1.13.3-1.21.7.jar","","required: 9Ya7Yyre,P7dR8mSH","","","required: 9Ya7Yyre,P7dR8mSH","","","modrinth","modrinth","","","","","","","","","1.14.4,1.15.1,1.16.1,1.16.3,1.16.4,1.16.5,1.17,1.17.1,1.18,1.18.1,1.18.2,1.19,1.19.2,1.20.1,1.21.1,1.21.10,1.21.5,1.21.6,1.21.7,1.21.8,1.21.9,20w06a,20w13b,20w17a,21w14a","73532cfff35855dc017e3bae1329a34375d19529f813a6bbd41f558c4f318e36"
"required","mod","1.21.8","inertiaanticheat","fabric","1.1.0.4","InertiaAntiCheat","Required anti-cheat mod for server access","Performance & Protection","InertiaAntiCheat-1.1.0.4.jar","1.1.1","https://cdn.modrinth.com/data/ljWczies/versions/aut01Dzm/InertiaAntiCheat-1.1.1.jar","1.21.9","1.1.1.1","https://cdn.modrinth.com/data/ljWczies/versions/2fdEWlNk/InertiaAntiCheat-1.1.1.1.jar","1.21.10","https://modrinth.com/mod/inertiaanticheat","https://cdn.modrinth.com/data/ljWczies/versions/GkBycEGZ/InertiaAntiCheat-1.1.0.4.jar","","required: P7dR8mSH","","","required: P7dR8mSH","","","modrinth","modrinth","","","","","","","","","1.17,1.17.1,1.18,1.18.1,1.18.2,1.19,1.19.1,1.19.2,1.19.3,1.19.4,1.20,1.20.1,1.20.2,1.20.3,1.20.4,1.20.5,1.20.6,1.21,1.21.1,1.21.3,1.21.4,1.21.5,1.21.6,1.21.7,1.21.8","f94484fc0ae8daa0bb84ed3d2f4c4136dae8d1928189bdb4de2459096da1a4f4"
"required","mod","1.21.8","iris","fabric","1.9.6+1.21.8-fabric","Iris","Shaders mod compatible with OptiFine packs","Performance & Protection","iris-fabric-1.9.6+mc1.21.8.jar","1.9.6+1.21.10-fabric","https://cdn.modrinth.com/data/YL57xq9U/versions/r1MZ1Bpv/iris-fabric-1.9.6%2Bmc1.21.9.jar","1.21.9","1.9.6+1.21.10-fabric","https://cdn.modrinth.com/data/YL57xq9U/versions/r1MZ1Bpv/iris-fabric-1.9.6%2Bmc1.21.9.jar","1.21.9","https://modrinth.com/mod/iris","https://cdn.modrinth.com/data/YL57xq9U/versions/Rhzf61g1/iris-fabric-1.9.6%2Bmc1.21.8.jar","","required: AANobbMI","","","required: AANobbMI","","","modrinth","modrinth","","","","","","","","","1.16.5,1.17,1.17.1,1.18,1.18.1,1.18.2,1.19,1.19.1,1.19.2,1.19.3,1.19.4,1.20,1.20.1,1.20.2,1.20.3,1.20.4,1.20.5,1.20.6,1.21,1.21.1,1.21.10,1.21.2,1.21.3,1.21.4,1.21.5,1.21.6,1.21.7,1.21.8,1.21.9","dca25e2d819575a251d6ccb0cc20c7758bf813ab84f1d32ea38a94807d2616d9"
"required","mod","1.21.8","betterf3","fabric","15.0.0","BetterF3","Customisable debug HUD","Performance & Protection","BetterF3-15.0.0-Fabric-1.21.6.jar","16.0.2","https://cdn.modrinth.com/data/8shC1gFX/versions/OUojozcW/BetterF3-16.0.2-Fabric-1.21.10.jar","1.21.9","16.0.2","https://cdn.modrinth.com/data/8shC1gFX/versions/OUojozcW/BetterF3-16.0.2-Fabric-1.21.10.jar","1.21.9","https://modrinth.com/mod/betterf3","https://cdn.modrinth.com/data/8shC1gFX/versions/DHCqyQtH/BetterF3-15.0.0-Fabric-1.21.6.jar","","required: 9s6osm5g; optional: mOgUt4GM","","","required: 9s6osm5g,9s6osm5g; optional: mOgUt4GM","","","modrinth","modrinth","","","","","","","","","1.16,1.16.1,1.16.2,1.16.3,1.16.4,1.16.5,1.17,1.17.1,1.18,1.18.1,1.18.1-pre1,1.18.2,1.19,1.19-rc1,1.19-rc2,1.19.1,1.19.2,1.19.3,1.19.3-pre2,1.19.4,1.20,1.20.1,1.20.2,1.20.3,1.20.4,1.20.5,1.20.6,1.21,1.21.1,1.21.2,1.21.3,1.21.4,1.21.5,1.21.6,1.21.7,1.21.8,22w42a,24w12a","f64dd7989816f09d126557c76fd22b2952a0355b94cc7dfbd9d460e41e97241c"
"required","mod","1.21.8","egg-of-capitalism","fabric","mc1.20.5-4.0","Egg Of Capitalism","Drops a personal dragon egg upon ""The End"" achievement","Miscellaneous","egg-of-capitalism-mc1.20.5-4.0.jar","mc1.20.5-4.0","https://cdn.modrinth.com/data/llThBwQo/versions/S5qEeVFl/egg-of-capitalism-mc1.20.5-4.0.jar","1.21.9","mc1.20.5-4.0","https://cdn.modrinth.com/data/llThBwQo/versions/S5qEeVFl/egg-of-capitalism-mc1.20.5-4.0.jar","1.20.5","https://modrinth.com/mod/egg-of-capitalism","https://cdn.modrinth.com/data/llThBwQo/versions/S5qEeVFl/egg-of-capitalism-mc1.20.5-4.0.jar","","","","","","","","modrinth","modrinth","unsupported","required","Egg Of Capitalism","Get a dragon egg for every ""The End."" achievement.","https://cdn.modrinth.com/data/llThBwQo/icon.png","https://github.com/Kir-Antipov/egg-of-capitalism/issues/new/choose","https://github.com/Kir-Antipov/egg-of-capitalism","","","9c6dae6f8809cb60f47bcd4d2a50e0503c0941e366d21a44e3409ef30ddab424"
"admin","mod","1.21.8","litematica","fabric","0.23.4","Litematica","Schematic-based building tool for administrators","Admin","litematica-fabric-1.21.8-0.23.4.jar","0.24.3","https://cdn.modrinth.com/data/bEpr0Arc/versions/PVLPYmWh/litematica-fabric-1.21.10-0.24.3.jar","1.21.9","0.24.3","https://cdn.modrinth.com/data/bEpr0Arc/versions/PVLPYmWh/litematica-fabric-1.21.10-0.24.3.jar","1.21.9","https://modrinth.com/mod/litematica","https://cdn.modrinth.com/data/bEpr0Arc/versions/DF02w8iL/litematica-fabric-1.21.8-0.23.4.jar","","required: GcWjdA9I","","","required: GcWjdA9I","","","modrinth","modrinth","","","","","","","","","1.12,1.12.1,1.12.2,1.13.2,1.14,1.14.2,1.14.3,1.14.4,1.15,1.15.1,1.15.2,1.16,1.16-pre2,1.16-pre3,1.16.1,1.16.2,1.16.3,1.16.4,1.16.5,1.17,1.17-pre4,1.17.1,1.18,1.18.1,1.18.2,1.19,1.19.1,1.19.2,1.19.3,1.19.4,1.19.4-pre2,1.20.1,1.20.2,1.20.3,1.20.4,1.20.6,1.21,1.21.1,1.21.10,1.21.2,1.21.3,1.21.4,1.21.5,1.21.6,1.21.7,1.21.8,1.21.9,19w36a,19w37a,20w06a,20w09a,20w10a,20w11a,20w12a,20w13a,20w14a,20w15a,20w16a,20w17a,20w18a,20w19a,20w20b,20w21a,20w22a,20w45a,20w48a,20w49a,20w51a,21w05a,21w08b,21w14a,21w18a,23w43b","0df34e655e47d306d73251f073de3ae0225ae512e15e52029ebfbbd63fb6f27e"
"required","mod","1.21.8","amecs-reborn","fabric","2.0.2+mc1.21.5","Amecs Reborn","A mod that adds mouse and keyboard controls to Minecraft allowing for better control schemes","Core & Utility","Amecs-Reborn-2.0.2+mc1.21.5.jar","2.0.2+mc1.21.5","https://cdn.modrinth.com/data/IjgEpZeq/versions/HnQJNS8B/Amecs-Reborn-2.0.2%2Bmc1.21.5.jar","1.21.9","2.0.2+mc1.21.6","https://cdn.modrinth.com/data/IjgEpZeq/versions/j16OyjKh/Amecs-Reborn-2.0.2%2Bmc1.21.6.jar","1.21.6","https://modrinth.com/mod/amecs-reborn","https://cdn.modrinth.com/data/IjgEpZeq/versions/HnQJNS8B/Amecs-Reborn-2.0.2%2Bmc1.21.5.jar","","required: P7dR8mSH,wxtqhcW6","","","required: wxtqhcW6,P7dR8mSH","","","modrinth","modrinth","","","","","","","","","1.21.1,1.21.3,1.21.4,1.21.5,1.21.6","ab3ce84246916900e0ac22639cce977ec6a4e03fc8b220a4cc6f3c50cf5b27de"
"required","mod","1.21.8","anti-xray","fabric","1.4.10+1.21.6","AntiXray","A server-side anti-xray plugin that prevents players from using xray hacks to find ores","Performance & Protection","antixray-fabric-1.4.10+1.21.6.jar","1.4.10+1.21.9","https://cdn.modrinth.com/data/sml2FMaA/versions/EHGIPeW9/antixray-fabric-1.4.10%2B1.21.9.jar","1.21.9","1.4.10+1.21.9","https://cdn.modrinth.com/data/sml2FMaA/versions/EHGIPeW9/antixray-fabric-1.4.10%2B1.21.9.jar","1.21.9","https://modrinth.com/mod/antixray","https://cdn.modrinth.com/data/sml2FMaA/versions/8oiUayeD/antixray-fabric-1.4.10%2B1.21.6.jar","","","","","","","","modrinth","modrinth","","","","","","","","","1.16.5,1.17,1.17.1,1.18,1.18.1,1.18.2,1.19,1.19-pre1,1.19-pre2,1.19-pre3,1.19-pre4,1.19.1,1.19.2,1.19.3,1.19.4,1.20,1.20.1,1.20.2,1.20.3,1.20.4,1.20.5,1.20.6,1.21,1.21.1,1.21.10,1.21.2,1.21.2-rc2,1.21.3,1.21.4,1.21.5,1.21.5-pre2,1.21.5-rc1,1.21.5-rc2,1.21.6,1.21.6-rc1,1.21.7,1.21.8,1.21.9,22w11a,22w12a,22w13a,22w14a,22w15a,22w16a,22w16b,22w17a,22w18a,22w19a","c0e5bed6399c73fce6dd1f7102ca2755684d181d5b8a9487f79339bae19563a4"
"required","mod","1.21.8","elytra-armor","fabric","1.9.0","Armored Elytra","Allows you to combine an elytra with a chestplate to create an armored elytra","Storage & Inventory","armored-elytra-1.9.0.jar","1.10.0","https://cdn.modrinth.com/data/AuFCCYMx/versions/zTiJPLyg/armored-elytra-1.10.0.jar","1.21.9","1.11.0","https://cdn.modrinth.com/data/AuFCCYMx/versions/c4SGusmv/armored-elytra-1.11.0.jar","1.21.10","https://modrinth.com/datapack/elytra-armor","https://cdn.modrinth.com/data/AuFCCYMx/versions/lRaZ7rHr/armored-elytra-1.9.0.jar","","required: P7dR8mSH","","","required: P7dR8mSH","","","modrinth","modrinth","","","","","","","","","1.21,1.21.1,1.21.10,1.21.2,1.21.3,1.21.4,1.21.5,1.21.6,1.21.7,1.21.8,1.21.9","d260628242a77ecfc372996e6a3cc750423829d519bcf803df0169c163dcc0ba"
"required","mod","1.21.8","c2me-fabric","fabric","0.3.5+alpha.0.8+1.21.8","C2ME","A Fabric mod designed to improve the chunk performance of Minecraft","Performance & Protection","c2me-fabric-mc1.21.8-0.3.5+alpha.0.8.jar","0.3.5.0.0+1.21.10","https://cdn.modrinth.com/data/VSNURh3q/versions/eY3dbqLu/c2me-fabric-mc1.21.10-0.3.5.0.0.jar","1.21.9","0.3.6+alpha.0.12+25w44a","https://cdn.modrinth.com/data/VSNURh3q/versions/opiDWBbq/c2me-fabric-mc25w44a-0.3.6%2Balpha.0.12.jar","25w44a","https://modrinth.com/mod/c2me-fabric","https://cdn.modrinth.com/data/VSNURh3q/versions/7lwPGYpL/c2me-fabric-mc1.21.8-0.3.5%2Balpha.0.8.jar","","","","","","","","modrinth","modrinth","","","","","","","","","1.17.1,1.18,1.18-pre1,1.18-pre5,1.18-rc3,1.18.1,1.18.1-pre1,1.18.2,1.18.2-pre1,1.18.2-rc1,1.19,1.19-pre1,1.19-pre2,1.19-pre3,1.19-rc1,1.19-rc2,1.19.1,1.19.1-pre4,1.19.1-pre6,1.19.1-rc1,1.19.1-rc3,1.19.2,1.19.3,1.19.3-pre2,1.19.3-rc1,1.19.4,1.19.4-pre1,1.19.4-pre2,1.19.4-pre3,1.19.4-pre4,1.19.4-rc2,1.20,1.20-pre1,1.20-pre2,1.20-pre4,1.20-pre5,1.20-pre6,1.20-pre7,1.20-rc1,1.20.1,1.20.1-rc1,1.20.2,1.20.2-pre1,1.20.2-pre2,1.20.2-pre3,1.20.2-pre4,1.20.2-rc1,1.20.2-rc2,1.20.3,1.20.3-pre1,1.20.3-pre2,1.20.3-pre4,1.20.3-rc1,1.20.4,1.20.5,1.20.5-pre1,1.20.5-rc2,1.20.6,1.20.6-rc1,1.21,1.21-rc1,1.21.1,1.21.10,1.21.10-rc1,1.21.2,1.21.2-pre1,1.21.2-pre3,1.21.2-pre4,1.21.2-pre5,1.21.2-rc1,1.21.3,1.21.4,1.21.4-pre1,1.21.4-pre2,1.21.4-pre3,1.21.4-rc1,1.21.4-rc2,1.21.5,1.21.5-pre1,1.21.5-pre2,1.21.5-pre3,1.21.5-rc2,1.21.6,1.21.6-pre1,1.21.6-pre2,1.21.6-pre3,1.21.6-pre4,1.21.6-rc1,1.21.7,1.21.7-rc1,1.21.7-rc2,1.21.8,1.21.8-rc1,1.21.9,1.21.9-pre1,1.21.9-pre2,1.21.9-pre3,1.21.9-pre4,1.21.9-rc1,21w39a,21w40a,21w41a,21w42a,21w43a,21w44a,22w05a,22w06a,22w11a,22w12a,22w13a,22w14a,22w16b,22w17a,22w18a,22w19a,22w24a,22w42a,22w43a,22w44a,22w45a,22w46a,23w03a,23w04a,23w05a,23w06a,23w07a,23w12a,23w13a,23w13a_or_b,23w14a,23w16a,23w17a,23w18a,23w31a,23w32a,23w33a,23w35a,23w40a,23w41a,23w42a,23w43a,23w45a,23w51b,24w03b,24w05b,24w06a,24w09a,24w10a,24w11a,24w12a,24w13a,24w14a,24w18a,24w33a,24w34a,24w35a,24w36a,24w37a,24w38a,24w39a,24w40a,24w44a,24w45a,24w46a,25w02a,25w03a,25w04a,25w05a,25w06a,25w07a,25w08a,25w09a,25w09b,25w10a,25w14craftmine,25w15a,25w16a,25w17a,25w18a,25w19a,25w20a,25w21a,25w31a,25w32a,25w33a,25w34b,25w35a,25w36a,25w36b,25w37a,25w41a","ff38ed5768035b06a2642951efb6478468e68149408911b4732ceb13f9fb170d"
"required","mod","1.21.8","clumps","fabric","26.0.0.1","Clumps","Clumps XP orbs together to reduce lag when collecting experience","Performance & Protection","Clumps-fabric-1.21.8-26.0.0.1.jar","27.0.0.2","https://cdn.modrinth.com/data/Wnxd13zP/versions/8JZ1P6ln/Clumps-fabric-1.21.9-27.0.0.2.jar","1.21.9","28.0.0.1","https://cdn.modrinth.com/data/Wnxd13zP/versions/8BikzIOh/Clumps-fabric-1.21.10-28.0.0.1.jar","1.21.10","https://modrinth.com/mod/clumps","https://cdn.modrinth.com/data/Wnxd13zP/versions/GfTjiLfw/Clumps-fabric-1.21.8-26.0.0.1.jar","","required: P7dR8mSH","","","required: P7dR8mSH","","","modrinth","modrinth","","","","","","","","","1.10.2,1.11.2,1.12,1.12.1,1.12.2,1.14.3,1.14.4,1.15.2,1.16.1,1.16.2,1.16.3,1.16.4,1.16.5,1.17,1.17.1,1.17.1-pre1,1.17.1-rc2,1.18,1.18.1,1.18.2,1.19,1.19.1,1.19.2,1.19.3,1.19.4,1.20,1.20.1,1.20.2,1.20.3,1.20.4,1.20.5,1.20.6,1.21,1.21.1,1.21.10,1.21.2,1.21.3,1.21.4,1.21.5,1.21.6,1.21.7,1.21.8,1.21.9,21w37a","91c087f4d246886328c53b68cd8a4e315b2b1118ece1d6015ec15a60238e5527"
"required","mod","1.21.8","jade","fabric","19.3.2+fabric","Jade","Shows what you're looking at in an info box. Hwyla fork for modern Minecraft versions","World & Exploration","Jade-1.21.8-Fabric-19.3.2.jar","20.1.0+fabric","https://cdn.modrinth.com/data/nvQzSEkH/versions/nCbsPtPw/Jade-1.21.9-Fabric-20.1.0.jar","1.21.9","20.1.0+fabric","https://cdn.modrinth.com/data/nvQzSEkH/versions/nCbsPtPw/Jade-1.21.9-Fabric-20.1.0.jar","1.21.9","https://modrinth.com/mod/jade","https://cdn.modrinth.com/data/nvQzSEkH/versions/o3aatc5Q/Jade-1.21.8-Fabric-19.3.2.jar","","optional: u6dRKJwZ","","","optional: u6dRKJwZ","","","modrinth","modrinth","","","","","","","","","1.16.4,1.16.5,1.17.1,1.18,1.18.1,1.18.2,1.19,1.19.1,1.19.2,1.19.3,1.19.4,1.20,1.20-pre1,1.20-rc1,1.20.1,1.20.2,1.20.2-pre2,1.20.2-pre3,1.20.2-pre4,1.20.3,1.20.4,1.20.5,1.20.5-pre1,1.20.5-pre2,1.20.6,1.20.6-rc1,1.21,1.21-pre2,1.21-pre3,1.21-pre4,1.21-rc1,1.21.1,1.21.10,1.21.10-rc1,1.21.2,1.21.2-pre1,1.21.2-pre3,1.21.2-pre4,1.21.2-rc2,1.21.3,1.21.4,1.21.5,1.21.6,1.21.7,1.21.7-rc1,1.21.8,1.21.9,1.21.9-pre1,1.21.9-rc1,23w31a,23w32a,23w33a,24w14potato,25w14craftmine,25w33a","106ca8f399e3ae8a3392673715b3a735569c49215179c530e33653c670d7ea1c"
"required","mod","1.21.8","lambdynamiclights","fabric","4.8.5+1.21.8","LambDynamicLights","Adds dynamic lighting to the game. Light sources will emit light dynamically","World & Exploration","lambdynamiclights-4.8.5+1.21.8.jar","4.8.5+1.21.10","https://cdn.modrinth.com/data/yBW8D80W/versions/bORAMbLk/lambdynamiclights-4.8.5%2B1.21.10.jar","1.21.9","4.8.5+1.21.10","https://cdn.modrinth.com/data/yBW8D80W/versions/bORAMbLk/lambdynamiclights-4.8.5%2B1.21.10.jar","1.21.9","https://modrinth.com/mod/lambdynamiclights","https://cdn.modrinth.com/data/yBW8D80W/versions/FToB9HT1/lambdynamiclights-4.8.5%2B1.21.8.jar","","required: P7dR8mSH,PxQSWIcD,reCfnRvJ","","","required: P7dR8mSH,PxQSWIcD,reCfnRvJ","","","modrinth","modrinth","","","","","","","","","1.16.2,1.16.3,1.16.4,1.16.5,1.17,1.17.1,1.18,1.18-rc1,1.18-rc2,1.18-rc3,1.18-rc4,1.18.1,1.18.1-pre1,1.18.1-rc1,1.18.1-rc2,1.18.1-rc3,1.18.2,1.18.2-pre1,1.18.2-pre2,1.18.2-pre3,1.18.2-rc1,1.19,1.19.1,1.19.2,1.19.3,1.19.4,1.20,1.20.1,1.20.2,1.20.3,1.20.4,1.21,1.21.1,1.21.10,1.21.2,1.21.3,1.21.4,1.21.5,1.21.5-rc1,1.21.5-rc2,1.21.6,1.21.6-rc1,1.21.7,1.21.7-rc1,1.21.7-rc2,1.21.8,1.21.8-rc1,1.21.9,1.21.9-rc1,22w03a,22w05a,22w06a,22w07a,25w14craftmine,25w41a","f5b960943ad44e989d6feb247224dbcdd23ae15aefd20fa9963f8228dc49a781"
"required","mod","1.21.8","ledger","fabric","1.3.13-fixtimestamp","Ledger","A client-side mod that logs block interactions and entity spawns to help with griefing investigations","World & Exploration","ledger-1.3.13-fix.jar","1.3.16","https://cdn.modrinth.com/data/LVN9ygNV/versions/O4Rna8OX/ledger-1.3.16.jar","1.21.9","1.3.16","https://cdn.modrinth.com/data/LVN9ygNV/versions/O4Rna8OX/ledger-1.3.16.jar","1.21.9","https://modrinth.com/mod/ledger","https://cdn.modrinth.com/data/LVN9ygNV/versions/52ev59ef/ledger-1.3.13-fix.jar","","required: Ha28R6CL,MLYQ9VGP,P7dR8mSH","","","required: MLYQ9VGP,P7dR8mSH,Ha28R6CL","","","modrinth","modrinth","","","","","","","","","1.17,1.17-rc1,1.17-rc2,1.17.1,1.18,1.18.1,1.18.2,1.19,1.19.1,1.19.2,1.19.3,1.19.4,1.20,1.20.1,1.20.2,1.20.4,1.20.6,1.21,1.21.1,1.21.10,1.21.2,1.21.3,1.21.4,1.21.5,1.21.6,1.21.7,1.21.8,1.21.9","c16f783b3f2f53f40e184db9ff4d3e033594e39fa6373019597eeed219022356"
"required","mod","1.21.8","lithium","fabric","mc1.21.8-0.18.1-fabric","Lithium","No-compromises game logic optimization mod","Performance & Protection","lithium-fabric-0.18.1+mc1.21.8.jar","mc1.21.9-0.19.2-fabric","https://cdn.modrinth.com/data/gvQqBUqZ/versions/L1sSIxFm/lithium-fabric-0.19.2%2Bmc1.21.9.jar","1.21.9","mc1.21.9-0.19.2-fabric","https://cdn.modrinth.com/data/gvQqBUqZ/versions/L1sSIxFm/lithium-fabric-0.19.2%2Bmc1.21.9.jar","1.21.9","https://modrinth.com/mod/lithium","https://cdn.modrinth.com/data/gvQqBUqZ/versions/qxIL7Kb8/lithium-fabric-0.18.1%2Bmc1.21.8.jar","","","","","","","","modrinth","modrinth","","","","","","","","","1.16.2,1.16.3,1.16.4,1.16.5,1.17,1.17.1,1.18,1.18.1,1.18.2,1.19,1.19.1,1.19.2,1.19.3,1.19.4,1.20,1.20.1,1.20.2,1.20.3,1.20.4,1.20.5,1.20.6,1.21,1.21.1,1.21.10,1.21.2,1.21.3,1.21.4,1.21.5,1.21.6,1.21.7,1.21.8,1.21.9","2e50e779716b6eda0cb27785be40cea5402c12ad0b939e807d190f7d3c04cd1a"
"required","mod","1.21.8","luckperms","fabric","v5.5.10-fabric","LuckPerms","A permissions plugin for Minecraft servers. It allows server admins to control what features players can use by creating groups and assigning permissions","Multiplayer & Server","LuckPerms-Fabric-5.5.10.jar","v5.5.17-fabric","https://cdn.modrinth.com/data/Vebnzrzj/versions/rGOrpVtr/LuckPerms-Fabric-5.5.17.jar","1.21.9","v5.5.17-fabric","https://cdn.modrinth.com/data/Vebnzrzj/versions/rGOrpVtr/LuckPerms-Fabric-5.5.17.jar","1.21.9","https://modrinth.com/mod/luckperms","https://cdn.modrinth.com/data/Vebnzrzj/versions/uStOaYyZ/LuckPerms-Fabric-5.5.10.jar","","","","","","","","modrinth","modrinth","","","","","","","","","1.10,1.10.1,1.10.2,1.11,1.11.1,1.11.2,1.12,1.12.1,1.12.2,1.13,1.13.1,1.13.2,1.14,1.14.1,1.14.2,1.14.3,1.14.4,1.15,1.15.1,1.15.2,1.16,1.16.1,1.16.2,1.16.3,1.16.4,1.16.5,1.17,1.17.1,1.18,1.18.1,1.18.2,1.19,1.19.1,1.19.2,1.19.3,1.19.4,1.20,1.20.1,1.20.2,1.20.3,1.20.4,1.20.5,1.20.6,1.21,1.21.1,1.21.10,1.21.2,1.21.3,1.21.4,1.21.5,1.21.6,1.21.7,1.21.8,1.21.9,1.8.8,1.8.9,1.9,1.9.1,1.9.2,1.9.3,1.9.4","f5c2e8d61b5374104eebe4b7569c08f2c94dbd44ead36c79d90e9ba1761a2393"
"required","mod","1.21.8","sdlink","fabric","3.3.3","SimpleDiscordLink","A simple Discord integration mod that allows you to link your Minecraft server to Discord","Multiplayer & Server","SimpleDiscordLink-Universal-3.3.3.jar","3.3.3","https://cdn.modrinth.com/data/Sh0YauEf/versions/R49qbfnG/SimpleDiscordLink-Universal-3.3.3.jar","1.21.9","3.3.3","https://cdn.modrinth.com/data/Sh0YauEf/versions/R49qbfnG/SimpleDiscordLink-Universal-3.3.3.jar","1.18.2","https://modrinth.com/mod/sdlink","https://cdn.modrinth.com/data/Sh0YauEf/versions/R49qbfnG/SimpleDiscordLink-Universal-3.3.3.jar","","required: Nn8Wasaq","","","required: Nn8Wasaq","","","modrinth","modrinth","","","","","","","","","1.16.5,1.18.1,1.18.2,1.19,1.19.1,1.19.2,1.19.3,1.19.4,1.20,1.20.1,1.20.1-rc1,1.20.2,1.20.3,1.20.4,1.21,1.21.1,1.21.10,1.21.2,1.21.3,1.21.4,1.21.5,1.21.6,1.21.7,1.21.8,1.21.9","52644eaa2899f254bbf1986e221593c9daa43af66927a0cca086502d7936b6fc"
"required","mod","1.21.8","syncmatica","fabric","1.21.8-0.3.15","Syncmatica","A mod that allows you to share and sync Litematica schematics between players on a server","World & Exploration","syncmatica-fabric-1.21.8-0.3.15.jar","0.3.15","https://cdn.modrinth.com/data/bfneejKo/versions/bLFCUKrV/syncmatica-fabric-1.21.10-rc1-0.3.15.jar","1.21.9","0.3.15","https://cdn.modrinth.com/data/bfneejKo/versions/bLFCUKrV/syncmatica-fabric-1.21.10-rc1-0.3.15.jar","1.21.9","https://modrinth.com/mod/syncmatica","https://cdn.modrinth.com/data/bfneejKo/versions/x2GEse4M/syncmatica-fabric-1.21.8-0.3.15.jar","","optional: bEpr0Arc,GcWjdA9I","","","","","","modrinth","modrinth","","","","","","","","","1.16,1.16.1,1.16.2,1.16.3,1.16.4,1.16.5,1.17,1.17.1,1.18,1.18.1,1.18.2,1.19,1.19.1,1.19.2,1.19.3,1.19.4,1.20,1.20.1,1.20.2,1.20.3,1.20.4,1.20.5,1.20.6,1.21,1.21.1,1.21.10,1.21.2,1.21.3,1.21.4,1.21.5,1.21.6,1.21.7,1.21.8,1.21.9","b9629fabeb3aec63f96771271abc06d5440031fd4b0b00f7ef40fa2f48baf888"
"block","mod","1.21.8","no-chat-reports","fabric","Fabric-1.21.8-v2.15.0","No Chat Reports","Makes chat unreportable (where possible)","","NoChatReports-FABRIC-1.21.8-v2.15.0.jar","Fabric-1.21.10-v2.16.0","https://cdn.modrinth.com/data/qQyHxfxd/versions/78RjC1gi/NoChatReports-FABRIC-1.21.10-v2.16.0.jar","1.21.9","Fabric-1.21.10-v2.16.0","https://cdn.modrinth.com/data/qQyHxfxd/versions/78RjC1gi/NoChatReports-FABRIC-1.21.10-v2.16.0.jar","1.21.9","https://modrinth.com/mod/no-chat-reports","https://cdn.modrinth.com/data/qQyHxfxd/versions/pmpg6ocz/NoChatReports-FABRIC-1.21.8-v2.15.0.jar","","required: P7dR8mSH; optional: 9s6osm5g,mOgUt4GM","","","required: P7dR8mSH; optional: 9s6osm5g,mOgUt4GM","","","modrinth","modrinth","","","","","","","","","1.19,1.19.1,1.19.1-pre2,1.19.1-pre3,1.19.1-rc2,1.19.2,1.19.3,1.19.3-pre2,1.19.3-pre3,1.19.4,1.20,1.20.1,1.20.2,1.20.3,1.20.4,1.20.5,1.20.6,1.21,1.21.1,1.21.10,1.21.2,1.21.3,1.21.4,1.21.5,1.21.6,1.21.7,1.21.8,1.21.9,22w44a,22w46a","e62c929956c0663177857ddb912114de226e3193ae5212bcfaf82e451ce982fa"
"required","installer","1.21.5","fabric-installer-1.0.3","fabric","1.0.3","Fabric Installer","","","","","","","","","","https://maven.fabricmc.net/net/fabricmc/fabric-installer/1.0.3/fabric-installer-1.0.3.exe","","","","","","","","","direct","direct","","","Fabric Installer","","","","","","","844fe70a96cb0671fa6cd15c74212f6e3beac2e6bdfd41ba9c0e76e6b5549022"
"required","installer","1.21.6","fabric-installer-1.0.3","fabric","1.0.3","Fabric Installer","","","","","","","","","","https://maven.fabricmc.net/net/fabricmc/fabric-installer/1.0.3/fabric-installer-1.0.3.exe","","","","","","","","","direct","direct","","","Fabric Installer","","","","","","","751b22f39bce13a97e631935ea0b7aa4ea40a6f08a9efdf1647522357f7ac966"
"required","launcher","1.21.5","fabric-server-launcher-1.21.5","fabric","0.17.3","Fabric Server Launcher","Fabric server launcher for 1.21.5 (loader 0.17.3)","","fabric-server-mc.1.21.5-loader.0.17.3-launcher.1.1.0.jar","","","","","","","https://meta.fabricmc.net/v2/versions/loader/1.21.5/0.17.3/1.1.0/server/jar","","","","","","","","","fabric","direct","","","Fabric Server Launcher","","","","","","","0d6f61a9c8a5d5757f7ca0edbf969ec3a696b3447d039fc6121a8ef30d83dd92"
"required","launcher","1.21.6","fabric-server-launcher-1.21.6","fabric","0.17.3","Fabric Server Launcher","Fabric server launcher for 1.21.6 (loader 0.17.3)","","fabric-server-mc.1.21.6-loader.0.17.3-launcher.1.1.0.jar","","","","","","","https://meta.fabricmc.net/v2/versions/loader/1.21.6/0.17.3/1.1.0/server/jar","","","","","","","","","fabric","direct","","","Fabric Server Launcher","","","","","","","8888e71629f6a1d7662f24894b2385cf2e92f1ed73c3241c7e2ac6dac66ebe6f"
"required","server","1.21.5","minecraft-server-1.21.5","vanilla","1.21.5","Minecraft Server","","","minecraft_server.1.21.5.jar","","","","1.21.5","https://piston-data.mojang.com/v1/objects/e6ec2f64e6080b9b5d9b471b291c33cc7f509733/server.jar","","https://piston-data.mojang.com/v1/objects/e6ec2f64e6080b9b5d9b471b291c33cc7f509733/server.jar","https://piston-data.mojang.com/v1/objects/e6ec2f64e6080b9b5d9b471b291c33cc7f509733/server.jar","","","","","","","","direct","direct","","","Minecraft Server","","","","","","","1b06d7944c9889d9d2d72f01fc4899da3bb87aaa70fa4b2ee60409c2f1c1df96"
"required","server","1.21.6","minecraft-server-1.21.6","fabric","1.21.6","Minecraft Server","","","minecraft_server.1.21.6.jar","","","","1.21.6","https://piston-data.mojang.com/v1/objects/6e64dcabba3c01a7271b4fa6bd898483b794c59b/server.jar","","https://piston-data.mojang.com/v1/objects/6e64dcabba3c01a7271b4fa6bd898483b794c59b/server.jar","https://piston-data.mojang.com/v1/objects/6e64dcabba3c01a7271b4fa6bd898483b794c59b/server.jar","","","","","","","","direct","direct","","","Minecraft Server","","","","","","","46baf7a13b2401a7e33a4f3599250945805c48083ebddceaff365cb46b1ebb14"
"optional","shaderpack","1.21.8","complementary-reimagined","iris","r5.5.1","Complementary Reimagined","Beautiful shaderpack","","ComplementaryReimagined_r5.5.1.zip","","","","r5.5.1","https://cdn.modrinth.com/data/HVnmMxH1/versions/sAAjYvFB/ComplementaryReimagined_r5.5.1.zip","1.21.5","https://modrinth.com/shader/complementary-reimagined","https://cdn.modrinth.com/data/HVnmMxH1/versions/sAAjYvFB/ComplementaryReimagined_r5.5.1.zip","","","","","","","","modrinth","modrinth","","","","","","","","","1.10,1.10.1,1.10.2,1.11,1.11.1,1.11.2,1.12,1.12.1,1.12.2,1.13,1.13.1,1.13.2,1.14,1.14.1,1.14.2,1.14.3,1.14.4,1.15,1.15.1,1.15.2,1.16,1.16.1,1.16.2,1.16.3,1.16.4,1.16.5,1.17,1.17.1,1.18,1.18.1,1.18.2,1.19,1.19.1,1.19.2,1.19.3,1.19.4,1.20,1.20.1,1.20.2,1.20.3,1.20.4,1.20.5,1.20.6,1.21,1.21.1,1.21.10,1.21.2,1.21.3,1.21.4,1.21.5,1.21.6,1.21.7,1.21.8,1.21.9,1.8.9,1.9,1.9.1,1.9.2,1.9.3,1.9.4","fef1556c05edc95ff566bc7f53c151273065bc9923f28fc2c42ec85093330c32"
"optional","shaderpack","1.21.8","astralex","iris","93.0","AstraLex Shaders","","","","","","","93.0","https://cdn.modrinth.com/data/RphJSnEs/versions/qSbtQS2o/%C2%A7r%C2%A7lAstra%C2%A74%C2%A7lLex%C2%A7r%C2%A7l_By_LexBoosT_%C2%A74%C2%A7lV93.0%C2%A7r%C2%A7l.zip","1.21.5","https://modrinth.com/shader/astralex","https://cdn.modrinth.com/data/RphJSnEs/versions/qSbtQS2o/%C2%A7r%C2%A7lAstra%C2%A74%C2%A7lLex%C2%A7r%C2%A7l_By_LexBoosT_%C2%A74%C2%A7lV93.0%C2%A7r%C2%A7l.zip","","","","","","","","modrinth","modrinth","","","","","","","","","1.16.5,1.19.4,1.20,1.20.1,1.20.2,1.20.4,1.20.5,1.20.6,1.21.5","0a94b7f2a985db3ddbb85d0ab9c85298370e9e851f4608433b7db966d99dc01f"
"optional","shaderpack","1.21.8","bsl-shaders","iris","10.0","BSL Shaders","","","BSL_v10.0.zip","","","","10.0","https://cdn.modrinth.com/data/Q1vvjJYV/versions/jRn8y2VF/BSL_v10.0.zip","1.21.5","https://modrinth.com/shader/bsl-shaders","https://cdn.modrinth.com/data/Q1vvjJYV/versions/jRn8y2VF/BSL_v10.0.zip","","","","","","","","modrinth","modrinth","","","","","","","","","1.10,1.10.1,1.10.2,1.11,1.11.1,1.11.2,1.12,1.12.1,1.12.2,1.13,1.13.1,1.13.2,1.14,1.14.1,1.14.2,1.14.3,1.14.4,1.15,1.15.1,1.15.2,1.16,1.16.1,1.16.2,1.16.3,1.16.4,1.16.5,1.17,1.17.1,1.18,1.18.1,1.18.2,1.19,1.19.1,1.19.2,1.19.3,1.19.4,1.20,1.20.1,1.20.2,1.20.3,1.20.4,1.20.5,1.20.6,1.21,1.21.1,1.21.2,1.21.3,1.21.4,1.21.5,1.21.6,1.21.7,1.21.8,1.21.9,1.7.10,1.8,1.8.1,1.8.2,1.8.3,1.8.4,1.8.5,1.8.6,1.8.7,1.8.8,1.8.9,1.9,1.9.1,1.9.2,1.9.3,1.9.4","b47404a1128e6317ce7c83aea30393224e8e1f0c1ca8efffbbdb0ff63cd1a0d2"
"optional","shaderpack","1.21.8","complementary-unbound","iris","r5.5.1","Complementary Shaders - Unbound","","","ComplementaryUnbound_r5.5.1.zip","","","","r5.5.1","https://cdn.modrinth.com/data/R6NEzAwj/versions/1ng9gVp7/ComplementaryUnbound_r5.5.1.zip","1.21.5","https://modrinth.com/shader/complementary-unbound","https://cdn.modrinth.com/data/R6NEzAwj/versions/1ng9gVp7/ComplementaryUnbound_r5.5.1.zip","","","","","","","","modrinth","modrinth","","","","","","","","","1.10,1.10.1,1.10.2,1.11,1.11.1,1.11.2,1.12,1.12.1,1.12.2,1.13,1.13.1,1.13.2,1.14,1.14.1,1.14.2,1.14.3,1.14.4,1.15,1.15.1,1.15.2,1.16,1.16.1,1.16.2,1.16.3,1.16.4,1.16.5,1.17,1.17.1,1.18,1.18.1,1.18.2,1.19,1.19.1,1.19.2,1.19.3,1.19.4,1.20,1.20.1,1.20.2,1.20.3,1.20.4,1.20.5,1.20.6,1.21,1.21.1,1.21.10,1.21.2,1.21.3,1.21.4,1.21.5,1.21.6,1.21.7,1.21.8,1.21.9,1.7.10,1.7.2,1.7.3,1.7.4,1.7.5,1.7.6,1.7.7,1.7.8,1.7.9,1.8,1.8.1,1.8.2,1.8.3,1.8.4,1.8.5,1.8.6,1.8.7,1.8.8,1.8.9,1.9,1.9.1,1.9.2,1.9.3,1.9.4","e22b75fdfae417c3be8406aa44e5f7df281cc456db59e14394540247f0d7546e"
"required","server","1.21.7","minecraft-server-1.21.7","","latest","Minecraft Server","","","","","","","","","","https://piston-data.mojang.com/v1/objects/05e4b48fbc01f0385adb74bcff9751d34552486c/server.jar","","","","","","","","","modrinth","modrinth","optional","optional","Minecraft Server","","","","","","","d750a404746af1f338eaf48f830db7454110ff06fc6c895098e58ca2bf6a7600"
"required","server","1.21.8","minecraft-server-1.21.8","","latest","Minecraft Server","","","","","","","","","","https://piston-data.mojang.com/v1/objects/6bce4ef400e4efaa63a13d5e6f6b500be969ef81/server.jar","","","","","","","","","modrinth","modrinth","optional","optional","Minecraft Server","","","","","","","f326ad9b3299553e64f2eab26e0622fc85313c2d9230ded0fb33268a821d0a8e"
"required","launcher","1.21.7","fabric-server-launcher-1.21.7","fabric","0.17.3","Fabric Server Launcher","Fabric server launcher for 1.21.7 (loader 0.17.3)","","fabric-server-mc.1.21.7-loader.0.17.3-launcher.1.1.0.jar","","","","","","","https://meta.fabricmc.net/v2/versions/loader/1.21.7/0.17.3/1.1.0/server/jar","","","","","","","","","fabric","modrinth","optional","optional","Fabric Server","","","","","","","4dec9ac59d5219501a2259ffd5e35790c9d7531e103eb85eb7157261de021587"
"required","launcher","1.21.8","fabric-server-launcher-1.21.8","fabric","0.17.3","Fabric Server Launcher","Fabric server launcher for 1.21.8 (loader 0.17.3)","","fabric-server-mc.1.21.8-loader.0.17.3-launcher.1.1.0.jar","","","","","","","https://meta.fabricmc.net/v2/versions/loader/1.21.8/0.17.3/1.1.0/server/jar","","","","","","","","","fabric","modrinth","optional","optional","Fabric Server","","","","","","","33f38439b4804f8038235aa8f2d882e08836e383b0b88e658e183399bd585160"
"server","server","1.21.9","minecraft-server","vanilla","1.21.9","Minecraft Server","Official Minecraft Server JAR for 1.21.9","server","minecraft_server.1.21.9.jar","","","","","","","https://piston-data.mojang.com/v1/objects/11e54c2081420a4d49db3007e66c80a22579ff2a/server.jar","https://piston-data.mojang.com/v1/objects/11e54c2081420a4d49db3007e66c80a22579ff2a/server.jar","","","","","","","","mojang","mojang","optional","required","Minecraft Server 1.21.9","Official Minecraft Java Edition Server","","","","","1.21.9","f10e0286cd7177cb1ba56011f24f00382630a1798f1a02d7f3abc65fe45fc6f4"
"server","server","1.21.10","minecraft-server","vanilla","1.21.10","Minecraft Server","Official Minecraft Server JAR for 1.21.10","server","minecraft_server.1.21.10.jar","","","","","","","https://piston-data.mojang.com/v1/objects/95495a7f485eedd84ce928cef5e223b757d2f764/server.jar","https://piston-data.mojang.com/v1/objects/95495a7f485eedd84ce928cef5e223b757d2f764/server.jar","","","","","","","","mojang","mojang","optional","required","Minecraft Server 1.21.10","Official Minecraft Java Edition Server","","","","","1.21.10","9f1c6cae9ddda61f81f2b30048ae119557aa7e0c88965eb69ec028471bab5023"
"server","launcher","1.21.9","fabric-launcher","fabric","0.17.3","Fabric Server Launcher","Fabric server launcher for 1.21.9 (loader 0.17.3)","server","fabric-server-mc.1.21.9-loader.0.17.3.jar","","","","","","","https://meta.fabricmc.net/v2/versions/loader/1.21.9/0.17.3/1.1.0/server/jar","https://meta.fabricmc.net/v2/versions/loader/1.21.9/0.17.3/1.1.0/server/jar","","","","","","","","fabric","fabric","unsupported","required","Fabric Launcher 1.21.9","Fabric mod loader for Minecraft 1.21.9","","","","","1.21.9","36c8b9264886166f2c27370128451e48160d77b47ea5e72ea13a8a8f5f0557f5"
"server","launcher","1.21.10","fabric-launcher","fabric","0.17.3","Fabric Server Launcher","Fabric server launcher for 1.21.10 (loader 0.17.3)","server","fabric-server-mc.1.21.10-loader.0.17.3.jar","","","","","","","https://meta.fabricmc.net/v2/versions/loader/1.21.10/0.17.3/1.1.0/server/jar","https://meta.fabricmc.net/v2/versions/loader/1.21.10/0.17.3/1.1.0/server/jar","","","","","","","","fabric","fabric","unsupported","required","Fabric Launcher 1.21.10","Fabric mod loader for Minecraft 1.21.10","","","","","1.21.10","78e99ec9b0df4760f35e8792eecda044f7e74fd1ed529c18a254841aa2d79368"
"infrastructure","jdk","","jdk-17-windows","","17.0.16+8","OpenJDK 17 (windows)","Eclipse Temurin JDK 17 for windows","windows","OpenJDK17U-jdk_x64_windows_hotspot_17.0.16_8.zip","","","","","","","https://github.com/adoptium/temurin17-binaries/releases/download/jdk-17.0.16%2B8/OpenJDK17U-jdk_x64_windows_hotspot_17.0.16_8.zip","https://github.com/adoptium/temurin17-binaries/releases/download/jdk-17.0.16%2B8/OpenJDK17U-jdk_x64_windows_hotspot_17.0.16_8.zip","","","","","","","","adoptium","adoptium","optional","required","Eclipse Temurin JDK 17","OpenJDK 17 build by Eclipse Adoptium for windows (x64)","","","https://github.com/adoptium/temurin17-binaries","https://adoptium.net/","","7192ae563ff0b1962b026eeae82052b46bbf38bf23b688dabf8cd9af0f593ff6"
"infrastructure","jdk","","jdk-17-linux","","17.0.16+8","OpenJDK 17 (linux)","Eclipse Temurin JDK 17 for linux","linux","OpenJDK17U-jdk_x64_linux_hotspot_17.0.16_8.tar.gz","","","","","","","https://github.com/adoptium/temurin17-binaries/releases/download/jdk-17.0.16%2B8/OpenJDK17U-jdk_x64_linux_hotspot_17.0.16_8.tar.gz","https://github.com/adoptium/temurin17-binaries/releases/download/jdk-17.0.16%2B8/OpenJDK17U-jdk_x64_linux_hotspot_17.0.16_8.tar.gz","","","","","","","","adoptium","adoptium","optional","required","Eclipse Temurin JDK 17","OpenJDK 17 build by Eclipse Adoptium for linux (x64)","","","https://github.com/adoptium/temurin17-binaries","https://adoptium.net/","","bc9b516a3171be03a6e4dccf0a5efa5b7e20d3b1abc6ee8709fab6aed034a247"
"infrastructure","jdk","","jdk-17-mac","","17.0.16+8","OpenJDK 17 (mac)","Eclipse Temurin JDK 17 for mac","mac","OpenJDK17U-jdk_x64_mac_hotspot_17.0.16_8.tar.gz","","","","","","","https://github.com/adoptium/temurin17-binaries/releases/download/jdk-17.0.16%2B8/OpenJDK17U-jdk_x64_mac_hotspot_17.0.16_8.tar.gz","https://github.com/adoptium/temurin17-binaries/releases/download/jdk-17.0.16%2B8/OpenJDK17U-jdk_x64_mac_hotspot_17.0.16_8.tar.gz","","","","","","","","adoptium","adoptium","optional","required","Eclipse Temurin JDK 17","OpenJDK 17 build by Eclipse Adoptium for mac (x64)","","","https://github.com/adoptium/temurin17-binaries","https://adoptium.net/","","ce0259bd37a94598ae44631535e2f075866c1df717d623cdc759a3aa45753ec7"
"infrastructure","jdk","","jdk-21-windows","","21.0.8+9.0.LTS","OpenJDK 21 (windows)","Eclipse Temurin JDK 21 for windows","windows","OpenJDK21U-jdk_x64_windows_hotspot_21.0.8_9.zip","","","","","","","https://github.com/adoptium/temurin21-binaries/releases/download/jdk-21.0.8%2B9/OpenJDK21U-jdk_x64_windows_hotspot_21.0.8_9.zip","https://github.com/adoptium/temurin21-binaries/releases/download/jdk-21.0.8%2B9/OpenJDK21U-jdk_x64_windows_hotspot_21.0.8_9.zip","","","","","","","","adoptium","adoptium","optional","required","Eclipse Temurin JDK 21","OpenJDK 21 build by Eclipse Adoptium for windows (x64)","","","https://github.com/adoptium/temurin21-binaries","https://adoptium.net/","","4a3c063c899a3697dd1f429d548d8d42599abc63bea200c34db566782aa69417"
"infrastructure","jdk","","jdk-21-linux","","21.0.8+9.0.LTS","OpenJDK 21 (linux)","Eclipse Temurin JDK 21 for linux","linux","OpenJDK21U-jdk_x64_linux_hotspot_21.0.8_9.tar.gz","","","","","","","https://github.com/adoptium/temurin21-binaries/releases/download/jdk-21.0.8%2B9/OpenJDK21U-jdk_x64_linux_hotspot_21.0.8_9.tar.gz","https://github.com/adoptium/temurin21-binaries/releases/download/jdk-21.0.8%2B9/OpenJDK21U-jdk_x64_linux_hotspot_21.0.8_9.tar.gz","","","","","","","","adoptium","adoptium","optional","required","Eclipse Temurin JDK 21","OpenJDK 21 build by Eclipse Adoptium for linux (x64)","","","https://github.com/adoptium/temurin21-binaries","https://adoptium.net/","","96d56df0ae0858eb2a0d30701c8a28caf95034311f66c5a890b5ed97af58dd57"
"infrastructure","jdk","","jdk-21-mac","","21.0.8+9.0.LTS","OpenJDK 21 (mac)","Eclipse Temurin JDK 21 for mac","mac","OpenJDK21U-jdk_x64_mac_hotspot_21.0.8_9.tar.gz","","","","","","","https://github.com/adoptium/temurin21-binaries/releases/download/jdk-21.0.8%2B9/OpenJDK21U-jdk_x64_mac_hotspot_21.0.8_9.tar.gz","https://github.com/adoptium/temurin21-binaries/releases/download/jdk-21.0.8%2B9/OpenJDK21U-jdk_x64_mac_hotspot_21.0.8_9.tar.gz","","","","","","","","adoptium","adoptium","optional","required","Eclipse Temurin JDK 21","OpenJDK 21 build by Eclipse Adoptium for mac (x64)","","","https://github.com/adoptium/temurin21-binaries","https://adoptium.net/","","ed97a32a1841f7dbad5709c5f052726fbf2027bec22dfd2d4591cf270978addc"
"infrastructure","jdk","","jdk-22-windows","","22.0.2+9","OpenJDK 22 (windows)","Eclipse Temurin JDK 22 for windows","windows","OpenJDK22U-jdk_x64_windows_hotspot_22.0.2_9.zip","","","","","","","https://github.com/adoptium/temurin22-binaries/releases/download/jdk-22.0.2%2B9/OpenJDK22U-jdk_x64_windows_hotspot_22.0.2_9.zip","https://github.com/adoptium/temurin22-binaries/releases/download/jdk-22.0.2%2B9/OpenJDK22U-jdk_x64_windows_hotspot_22.0.2_9.zip","","","","","","","","adoptium","adoptium","optional","required","Eclipse Temurin JDK 22","OpenJDK 22 build by Eclipse Adoptium for windows (x64)","","","https://github.com/adoptium/temurin22-binaries","https://adoptium.net/","","1047e4b8a53c554641a1634564fabff2dda1e54e7e5c8f4f24b5374f6b2c3f13"
"infrastructure","jdk","","jdk-22-linux","","22.0.2+9","OpenJDK 22 (linux)","Eclipse Temurin JDK 22 for linux","linux","OpenJDK22U-jdk_x64_linux_hotspot_22.0.2_9.tar.gz","","","","","","","https://github.com/adoptium/temurin22-binaries/releases/download/jdk-22.0.2%2B9/OpenJDK22U-jdk_x64_linux_hotspot_22.0.2_9.tar.gz","https://github.com/adoptium/temurin22-binaries/releases/download/jdk-22.0.2%2B9/OpenJDK22U-jdk_x64_linux_hotspot_22.0.2_9.tar.gz","","","","","","","","adoptium","adoptium","optional","required","Eclipse Temurin JDK 22","OpenJDK 22 build by Eclipse Adoptium for linux (x64)","","","https://github.com/adoptium/temurin22-binaries","https://adoptium.net/","","be56ec4242cb70b1a4f17948af760c0497aea381f8a1b849a86c8a5c5ce7fc70"
"infrastructure","jdk","","jdk-22-mac","","22.0.2+9","OpenJDK 22 (mac)","Eclipse Temurin JDK 22 for mac","mac","OpenJDK22U-jdk_x64_mac_hotspot_22.0.2_9.tar.gz","","","","","","","https://github.com/adoptium/temurin22-binaries/releases/download/jdk-22.0.2%2B9/OpenJDK22U-jdk_x64_mac_hotspot_22.0.2_9.tar.gz","https://github.com/adoptium/temurin22-binaries/releases/download/jdk-22.0.2%2B9/OpenJDK22U-jdk_x64_mac_hotspot_22.0.2_9.tar.gz","","","","","","","","adoptium","adoptium","optional","required","Eclipse Temurin JDK 22","OpenJDK 22 build by Eclipse Adoptium for mac (x64)","","","https://github.com/adoptium/temurin22-binaries","https://adoptium.net/","","fdce4a3d19351474a708053c4e59915d5fa1b04464e4db34142956e2088b2358"
"required","mod","1.21.8","bale-of-sugar-cane","fabric","1.0.0","Bale of Sugar Cane","","","baleofsugarcane-v1.0.0-fabric-1.21.5.jar","1.0.0","https://cdn.modrinth.com/data/NLiB957M/versions/PHCllJKu/baleofsugarcane-v1.0.0-fabric-1.21.5.jar","1.21.9","1.0.0","https://cdn.modrinth.com/data/NLiB957M/versions/Y34e5YK2/baleofsugarcane-v1.0.0-fabric-1.21.10.jar","1.21.10","https://modrinth.com/mod/bale-of-sugar-cane","https://cdn.modrinth.com/data/NLiB957M/versions/PHCllJKu/baleofsugarcane-v1.0.0-fabric-1.21.5.jar","","","","","","","","modrinth","modrinth","","","","","","","","","","36a77a34908dea7e6ccd0abac44589edc36519fb3ba9d3d2860cc8283b3b917b"
"required","datapack","1.21.8","better-gold-recycling","fabric","2.4.1+mod","Better Gold Recycling","","","better-gold-recycling-2.4.1.jar","","","","2.4.1+mod","https://cdn.modrinth.com/data/1IZygUPY/versions/gJFjYnts/better-gold-recycling-2.4.1.jar","1.21.5","https://modrinth.com/datapack/better-gold-recycling","https://cdn.modrinth.com/data/1IZygUPY/versions/gJFjYnts/better-gold-recycling-2.4.1.jar","","","","","","","","modrinth","modrinth","","","","","","","","","","bdb7d34305788b5dbcb33ab809b15148dfbc4903ba2142a49bf288f2354c47fe"
"required","mod","1.21.8","reinforced-chests","fabric","3.3.3+1.21.8","Reinforced Chests","","","reinforced-chests-3.3.3+1.21.8.jar","3.3.3+1.21.8","https://cdn.modrinth.com/data/FWtAXlpg/versions/i89BsPkK/reinforced-chests-3.3.3%2B1.21.8.jar","1.21.9","3.3.3+1.21.8","https://cdn.modrinth.com/data/FWtAXlpg/versions/i89BsPkK/reinforced-chests-3.3.3%2B1.21.8.jar","1.21.6","https://modrinth.com/mod/reinforced-chests","https://cdn.modrinth.com/data/FWtAXlpg/versions/i89BsPkK/reinforced-chests-3.3.3%2B1.21.8.jar","","required: 9s6osm5g,P7dR8mSH; optional: mOgUt4GM","","","","","","modrinth","modrinth","","","","","","","","","","c8a59d4db8920be182323d140549474b8870e83b45d18fd505bfbe68e27cd6d7"
"required","datapack","1.21.8","copper-recycling","fabric","2.4.1+mod","Better Copper Recycling","","","copper-recycling-2.4.1.jar","","","","2.4.1+mod","https://cdn.modrinth.com/data/fuupShGh/versions/6MnADGIG/copper-recycling-2.4.1.jar","1.21.5","https://modrinth.com/datapack/copper-recycling","https://cdn.modrinth.com/data/fuupShGh/versions/6MnADGIG/copper-recycling-2.4.1.jar","","","","","","","","modrinth","modrinth","","","","","","","","","","2dc1c37a0e4646afb45b3c0902dbd22f724b7ac18cafb3843a852f5a0492041e"
"required","mod","1.21.8","custom-portals","fabric","3.9.1","Custom Portals","","","custom-portals-3.9.1+1.21.7.jar","3.9.1","https://cdn.modrinth.com/data/38pHU3u5/versions/phijRcw9/custom-portals-3.9.1%2B1.21.7.jar","1.21.9","3.9.1","https://cdn.modrinth.com/data/38pHU3u5/versions/phijRcw9/custom-portals-3.9.1%2B1.21.7.jar","1.21.6","https://modrinth.com/mod/custom-portals","https://cdn.modrinth.com/data/38pHU3u5/versions/phijRcw9/custom-portals-3.9.1%2B1.21.7.jar","","required: 1eAoo2KR,K01OU20C,P7dR8mSH; optional: mOgUt4GM","","","","","","modrinth","modrinth","","","","","","","","","","b977541f6164030f8ac05c18a59d5d6c422e1b9a7ad032985560974bde769b71"
"required","datapack","1.21.8","diamond-recycling","fabric","1.3.2+mod","Diamond Recycling","","","diamond-recycling-1.3.2.jar","","","","1.3.2+mod","https://cdn.modrinth.com/data/jw67t8zN/versions/RV5I4bbp/diamond-recycling-1.3.2.jar","1.21.5","https://modrinth.com/datapack/diamond-recycling","https://cdn.modrinth.com/data/jw67t8zN/versions/RV5I4bbp/diamond-recycling-1.3.2.jar","","","","","","","","modrinth","modrinth","","","","","","","","","","737eceabccde58ce7a47c1931eaedd6448fa082e3093127a94cf3d283dc9395a"
"required","mod","1.21.8","fabricproxy-lite","fabric","v2.10.1","FabricProxy-Lite","","","FabricProxy-Lite-2.10.1.jar","v2.11.0","https://cdn.modrinth.com/data/8dI2tmqs/versions/nR8AIdvx/FabricProxy-Lite-2.11.0.jar","1.21.9","v2.11.0","https://cdn.modrinth.com/data/8dI2tmqs/versions/nR8AIdvx/FabricProxy-Lite-2.11.0.jar","1.21.9","https://modrinth.com/mod/fabricproxy-lite","https://cdn.modrinth.com/data/8dI2tmqs/versions/KqB3UA0q/FabricProxy-Lite-2.10.1.jar","","required: P7dR8mSH","","","","","","modrinth","modrinth","","","","","","","","","","0e87e4a253bf59dea34936354329225cbd77ab874a74cfbdf55adcf311a4bd3c"
"required","mod","1.21.8","furnace-recycle","fabric","1.21.8-2.6-fabric+forge+neo","Furnace Recycle","","","furnacerecycle-1.21.8-2.6.jar","1.21.9-2.6-fabric+forge+neo","https://cdn.modrinth.com/data/HyKmtI3L/versions/vfmYbfSl/furnacerecycle-1.21.9-2.6.jar","1.21.9","1.21.10-2.6-fabric+forge+neo","https://cdn.modrinth.com/data/HyKmtI3L/versions/WRvvQWOu/furnacerecycle-1.21.10-2.6.jar","1.21.10","https://modrinth.com/mod/furnace-recycle","https://cdn.modrinth.com/data/HyKmtI3L/versions/QXVNpaWM/furnacerecycle-1.21.8-2.6.jar","","required: e0M1UDsY","","","","","","modrinth","modrinth","","","","","","","","","","14455556c092e02527ea2901a5bfb2545c2410f6ca4aae0dc202a0d69dcb5d2d"
"required","datapack","1.21.8","netherite-recycling","fabric","1.4+mod","Netherite Recycling","","","netherite-recycling-1.4.jar","","","","1.4+mod","https://cdn.modrinth.com/data/9nhO1kCg/versions/wtcHUacv/netherite-recycling-1.4.jar","1.21.5","https://modrinth.com/datapack/netherite-recycling","https://cdn.modrinth.com/data/9nhO1kCg/versions/wtcHUacv/netherite-recycling-1.4.jar","","","","","","","","modrinth","modrinth","","","","","","","","","","7f64887966233ffa10745bc7f651b82a00d938577acf4c5ffb4d2bc864da01d7"
"required","datapack","1.21.8","recycle-blast","fabric","1.61.0+mod","Recycle Blast","","","recycle-blast-1.61.0.jar","","","","1.61.0+mod","https://cdn.modrinth.com/data/nasjrNgl/versions/7RoBS6kB/recycle-blast-1.61.0.jar","1.21.5","https://modrinth.com/datapack/recycle-blast","https://cdn.modrinth.com/data/nasjrNgl/versions/7RoBS6kB/recycle-blast-1.61.0.jar","","","","","","","","modrinth","modrinth","","","","","","","","","","ce5dd280fae9dd9742616706aed3731906a5565d640042211fb22a13710a3b39"
"required","mod","1.21.8","servux","fabric","0.7.3B","Servux","","","servux-fabric-1.21.8-0.7.3.jar","0.8.2","https://cdn.modrinth.com/data/zQhsx8KF/versions/h2I1C6MN/servux-fabric-1.21.10-0.8.2.jar","1.21.9","0.8.2","https://cdn.modrinth.com/data/zQhsx8KF/versions/h2I1C6MN/servux-fabric-1.21.10-0.8.2.jar","1.21.9","https://modrinth.com/mod/servux","https://cdn.modrinth.com/data/zQhsx8KF/versions/zvqUUU4K/servux-fabric-1.21.8-0.7.3.jar","","","","","","","","modrinth","modrinth","","","","","","","","","","18e659a820961a8a9316480374c78591f3e4122eafb0d42d596ce81898816f4c"
"required","mod","1.21.8","spark","fabric","1.10.142-fabric","spark","","","spark-1.10.142-fabric.jar","1.10.152-fabric","https://cdn.modrinth.com/data/l6YH9Als/versions/eqIoLvsF/spark-1.10.152-fabric.jar","1.21.9","1.10.152-fabric","https://cdn.modrinth.com/data/l6YH9Als/versions/eqIoLvsF/spark-1.10.152-fabric.jar","1.21.9","https://modrinth.com/mod/spark","https://cdn.modrinth.com/data/l6YH9Als/versions/3KCl7Vx0/spark-1.10.142-fabric.jar","","","","","","","","modrinth","modrinth","","","","","","","","","","8444b108949736cd332108feaedf97f70661dcfd265c9c667ef3aaaad4a6cdc2"
"required","mod","1.21.8","simple-voice-chat","fabric","fabric-1.21.8-2.6.6","Simple Voice Chat","","","voicechat-fabric-1.21.8-2.6.6.jar","fabric-1.21.9-2.6.4","https://cdn.modrinth.com/data/9eGKb6K1/versions/pTfXZIdn/voicechat-fabric-1.21.9-2.6.4.jar","1.21.9","fabric-25w44a-2.6.6","https://cdn.modrinth.com/data/9eGKb6K1/versions/V4rLc3qJ/voicechat-fabric-25w44a-2.6.6.jar","25w44a","https://modrinth.com/plugin/simple-voice-chat","https://cdn.modrinth.com/data/9eGKb6K1/versions/2Z1g1v36/voicechat-fabric-1.21.8-2.6.6.jar","","optional: 9s6osm5g,mOgUt4GM,qyVF9oeo,SRlzjEBS,UL4bJFDY,Vebnzrzj,YlKdE5VK","","","","","","modrinth","modrinth","","","","","","","","","","77a49b64e69810dfc1697dfee174e4265774c0d3cf071767db78c442bb283b33"
"required","mod","1.21.8","exlines-wool-to-string","fabric","1.0.0","Exline's Wool to String","","","wooltostring-v1.0.0-fabric-1.21.8.jar","1.0.0","https://cdn.modrinth.com/data/m7fbbMbo/versions/s7Xr5XGm/wooltostring-v1.0.0-fabric-1.21.8.jar","1.21.9","1.0.0","https://cdn.modrinth.com/data/m7fbbMbo/versions/Y8ZJimGw/wooltostring-v1.0.0-fabric-1.21.10.jar","1.21.10","https://modrinth.com/mod/exlines-wool-to-string","https://cdn.modrinth.com/data/m7fbbMbo/versions/s7Xr5XGm/wooltostring-v1.0.0-fabric-1.21.8.jar","","","","","","","","modrinth","modrinth","","","","","","","","","","aa0916af3c50e31e4291d8adf61f95d61605d36f9c6c34c12f88acd63dea5e4d"
"required","mod","1.21.8","yacl","fabric","3.7.1+1.21.6-fabric","YetAnotherConfigLib (YACL)","","","yet_another_config_lib_v3-3.7.1+1.21.6-fabric.jar","3.8.0+1.21.9-fabric","https://cdn.modrinth.com/data/1eAoo2KR/versions/UZmV6xf4/yet_another_config_lib_v3-3.8.0%2B1.21.9-fabric.jar","1.21.9","3.8.0+1.21.9-fabric","https://cdn.modrinth.com/data/1eAoo2KR/versions/UZmV6xf4/yet_another_config_lib_v3-3.8.0%2B1.21.9-fabric.jar","1.21.9","https://modrinth.com/mod/yacl","https://cdn.modrinth.com/data/1eAoo2KR/versions/WxYlHLu6/yet_another_config_lib_v3-3.7.1%2B1.21.6-fabric.jar","","required: P7dR8mSH","","","","","","modrinth","modrinth","","","","","","","","","","557979d230fe76cdbfc202a9ab314e34c4d7430c908cb31d60d74e04b5cbf35c"
"required","mod","1.21.8","minihud","fabric","0.36.4","MiniHUD","","","minihud-fabric-1.21.8-0.36.4.jar","0.37.2","https://cdn.modrinth.com/data/UMxybHE8/versions/8HgcVDvl/minihud-fabric-1.21.10-0.37.2.jar","1.21.9","0.37.2","https://cdn.modrinth.com/data/UMxybHE8/versions/8HgcVDvl/minihud-fabric-1.21.10-0.37.2.jar","1.21.9","https://modrinth.com/mod/minihud","https://cdn.modrinth.com/data/UMxybHE8/versions/oqbL8Dfi/minihud-fabric-1.21.8-0.36.4.jar","","required: GcWjdA9I","","","","","","modrinth","modrinth","","","","","","","","","","e7ac192fffdd3750421754c28d0d00374ffad2056be6cad218a3dcbcf577b093"
"required","datapack","1.21.8","mastercutter","fabric","1.5.2-mc1.21.6+mod","MasterCutter","","","mastercutter-1.5.2-mc1.21.6.jar","","","","1.5.2-mc1.21.6+mod","https://cdn.modrinth.com/data/DuUMFIfX/versions/aBJPWDfY/mastercutter-1.5.2-mc1.21.6.jar","1.21.5","https://modrinth.com/datapack/mastercutter","https://cdn.modrinth.com/data/DuUMFIfX/versions/aBJPWDfY/mastercutter-1.5.2-mc1.21.6.jar","","","","","","","","modrinth","modrinth","","","","","","","","","","4a6dc9dff74e98e5e421284edbfbc68f89320feeb8ab3fe820ad532afb1b01fc"
"required","datapack","1.21.8","sandstone-recycling","fabric","1.3+mod","Sandstone Recycling","","","sandstone-recycling-1.3.jar","","","","1.3+mod","https://cdn.modrinth.com/data/vHOxFgL1/versions/Y8Ifh6ox/sandstone-recycling-1.3.jar","1.21.5","https://modrinth.com/datapack/sandstone-recycling","https://cdn.modrinth.com/data/vHOxFgL1/versions/Y8Ifh6ox/sandstone-recycling-1.3.jar","","","","","","","","modrinth","modrinth","","","","","","","","","","98ecae6c08ebf8954e6e2e9a3ea1223ec6d558c6a6a971aa649f958152b5008e"
"required","datapack","1.21.8","stonecutter-salvage","fabric","current","Stonecutter Salvage","","","stonecutter-salvage-1.7.4.jar","","","","1.7.4+mod","https://cdn.modrinth.com/data/w4oj6UFD/versions/aJa7BPHg/stonecutter-salvage-1.7.4.jar","1.21.8","https://modrinth.com/datapack/stonecutter-salvage","https://cdn.modrinth.com/data/w4oj6UFD/versions/aJa7BPHg/stonecutter-salvage-1.7.4.jar","","required: P7dR8mSH","","","","","","modrinth","modrinth","","","Stonecutter Salvage","Salvage items in the Stonecutter","https://cdn.modrinth.com/data/w4oj6UFD/ca33fc4ad06ab41a4442bbfc6cbc4ef91e0cad56.png","https://github.com/GenMode/Minecraft/issues","","https://github.com/GenMode/Minecraft/wiki/Stonecutter-Salvage","","100c64d8cd4f59a873eca02badbc895a11acbdb49351ab28608980f2fba9f3b4"
"required","mod","1.21.8","1360669","fabric","(not so) basic craft-v1.zip","(Not so) Basic craft","","","","(not so) basic craft-v1.zip","https://edge.forgecdn.net/files/7077/456/(not%20so)%20basic%20craft-v1.zip","1.21.10","(not so) basic craft-v1.zip","https://edge.forgecdn.net/files/7077/456/(not%20so)%20basic%20craft-v1.zip","1.20.1","https://www.curseforge.com/minecraft/mc-mods/basic-storage","https://edge.forgecdn.net/files/7077/456/(not%20so)%20basic%20craft-v1.zip","","","","","","","","curseforge","curseforge","optional","optional","(Not so) Basic craft","RPG and a little Vanilla+ modpack that adds balanced weapons, exciting bosses and much more!","https://media.forgecdn.net/avatars/1470/503/638954426419682342.png","","","","","9c827fad0532285e72fd54a74385785bd513eafbb599432e60fbc07394fee228"
